-- Adminer 4.8.1 MySQL 8.1.0 dump

SET NAMES utf8;
SET time_zone = '+00:00';
SET foreign_key_checks = 0;
SET sql_mode = 'NO_AUTO_VALUE_ON_ZERO';

SET NAMES utf8mb4;

DROP DATABASE IF EXISTS `bowlpool`;
CREATE DATABASE `bowlpool` /*!40100 DEFAULT CHARACTER SET utf8mb4 COLLATE utf8mb4_0900_ai_ci */ /*!80016 DEFAULT ENCRYPTION='N' */;
USE `bowlpool`;

DROP TABLE IF EXISTS `bowlGames`;
CREATE TABLE `bowlGames` (
  `gameId` int NOT NULL,
  `startTime` datetime DEFAULT NULL,
  `homeTeam` int DEFAULT NULL,
  `awayTeam` int DEFAULT NULL,
  `bowlName` varchar(255) CHARACTER SET utf8mb4 COLLATE utf8mb4_0900_ai_ci DEFAULT NULL,
  `version` int NOT NULL DEFAULT '0',
  PRIMARY KEY (`gameId`)
) ENGINE=InnoDB DEFAULT CHARSET=utf8mb4 COLLATE=utf8mb4_0900_ai_ci;

INSERT INTO `bowlGames` (`gameId`, `startTime`, `homeTeam`, `awayTeam`, `bowlName`, `version`) VALUES
(401441993,	'2022-12-16 16:30:00',	202216601,	202226159,	'Bahamas',	2),
(401441994,	'2022-12-16 20:00:00',	202234621,	202236326,	'Cure',	2),
(401441995,	'2022-12-17 16:00:00',	202254453,	202291712,	'Fenway',	2),
(401441996,	'2022-12-17 17:00:00',	202235725,	202213803,	'Celebration',	2),
(401441997,	'2022-12-18 00:30:00',	202212582,	202299736,	'New Mexico',	2),
(401441998,	'2022-12-27 17:00:00',	202228388,	202282519,	'Camellia Bowl',	2),
(401441999,	'2022-12-17 19:30:00',	202213864,	202241499,	'Las Vegas ',	2),
(401442000,	'2022-12-27 20:15:00',	202274068,	202235813,	'First Responder ',	2),
(401442001,	'2022-12-18 02:15:00',	202243077,	202260236,	'Frisco ',	2),
(401442002,	'2022-12-27 23:45:00',	202212146,	202247441,	'Birmingham ',	2),
(401442003,	'2022-12-19 19:30:00',	202243047,	202295819,	'Myrtle Beach ',	2),
(401442004,	'2022-12-20 20:30:00',	202225279,	202234983,	'Famous Idaho Potato ',	2),
(401442005,	'2022-12-28 03:15:00',	202289931,	202284410,	'Guaranteed Rate ',	2),
(401442006,	'2022-12-21 00:30:00',	202224069,	202225952,	'Boca Raton ',	2),
(401442007,	'2022-12-23 23:30:00',	202248559,	202204110,	'Gasparilla ',	2),
(401442008,	'2022-12-28 19:00:00',	202257910,	202231806,	'Military ',	2),
(401442009,	'2022-12-25 01:00:00',	202270195,	202284206,	'Hawai\'i ',	2),
(401442011,	'2023-01-02 17:00:00',	202235713,	202266636,	'ReliaQuest ',	2),
(401442012,	'2023-01-02 18:00:00',	202282945,	202225344,	'Citrus ',	2),
(401442013,	'2023-01-02 18:00:00',	202221849,	202234030,	'Cotton  Classic',	2),
(401442014,	'2023-01-02 22:00:00',	202279102,	202249184,	'Rose  Game',	2),
(401442015,	'2023-01-01 01:00:00',	202210389,	202248404,	'Peach  CFP Semi)',	2),
(401442016,	'2022-12-31 21:00:00',	202270529,	202291477,	'Fiesta  (CFP Semi)',	2),
(401442017,	'2022-12-31 17:00:00',	202280081,	202244854,	'Music City ',	2),
(401442018,	'2022-12-31 17:00:00',	202285513,	202235466,	'Sugar ',	2),
(401442019,	'2022-12-31 01:00:00',	202223967,	202233689,	'Orange ',	2),
(401442030,	'2022-12-28 22:30:00',	202200901,	202237455,	'Liberty ',	4),
(401442031,	'2022-12-29 02:00:00',	202270769,	202202351,	'Texas ',	4),
(401442032,	'2022-12-29 19:00:00',	202235842,	202233705,	'Pinstripe ',	2),
(401442033,	'2022-12-29 22:30:00',	202248552,	202291023,	'Cheez-It ',	2),
(401442034,	'2022-12-30 02:00:00',	202278420,	202273007,	'Alamo ',	2),
(401442035,	'2022-12-30 17:00:00',	202285572,	202269625,	'Duke\'s Mayo ',	2),
(401442036,	'2022-12-30 20:30:00',	202291803,	202204135,	'Gator ',	2),
(401442037,	'2022-12-26 19:30:00',	202216622,	202272545,	'Quick Lane ',	2),
(401442038,	'2022-12-17 20:30:00',	202254056,	202231652,	'LA ',	2),
(401442039,	'2022-12-22 02:00:00',	202283093,	202282867,	'New Orleans ',	2),
(401442040,	'2022-12-23 00:30:00',	202205949,	202279210,	'Armed Forces ',	2),
(401442041,	'2022-12-17 22:45:00',	202284607,	202282695,	'Lending Tree ',	2),
(401442042,	'2022-12-23 20:00:00',	202264095,	202242802,	'Independence ',	2),
(401443542,	'2022-12-30 19:00:00',	202231032,	202272555,	'Sun ',	2),
(401443543,	'2022-12-30 21:30:00',	202262647,	202237936,	'Arizona ',	2),
(401470891,	'2022-12-29 01:00:00',	202286820,	202284033,	'Holiday ',	2);

DROP TABLE IF EXISTS `bowlTeams`;
CREATE TABLE `bowlTeams` (
  `teamId` int NOT NULL,
  `bowlId` int DEFAULT NULL,
  `year` varchar(4) CHARACTER SET utf8mb4 COLLATE utf8mb4_0900_ai_ci DEFAULT NULL,
  `name` varchar(255) CHARACTER SET utf8mb4 COLLATE utf8mb4_0900_ai_ci DEFAULT NULL,
  `isHome` varchar(255) CHARACTER SET utf8mb4 COLLATE utf8mb4_0900_ai_ci DEFAULT NULL,
  `line` varchar(255) CHARACTER SET utf8mb4 COLLATE utf8mb4_0900_ai_ci DEFAULT NULL,
  `record` varchar(255) CHARACTER SET utf8mb4 COLLATE utf8mb4_0900_ai_ci DEFAULT NULL,
  `conference` varchar(255) CHARACTER SET utf8mb4 COLLATE utf8mb4_0900_ai_ci DEFAULT NULL,
  `firstQuarterScore` int DEFAULT NULL,
  `secondQuarterScore` int DEFAULT NULL,
  `thirdQuarterScore` int DEFAULT NULL,
  `fourthQuarterScore` int DEFAULT NULL,
  `score` int DEFAULT NULL,
  `version` int NOT NULL DEFAULT '0',
  PRIMARY KEY (`teamId`)
) ENGINE=InnoDB DEFAULT CHARSET=utf8mb4 COLLATE=utf8mb4_0900_ai_ci;

INSERT INTO `bowlTeams` (`teamId`, `bowlId`, `year`, `name`, `isHome`, `line`, `record`, `conference`, `firstQuarterScore`, `secondQuarterScore`, `thirdQuarterScore`, `fourthQuarterScore`, `score`, `version`) VALUES
(202200901,	401442030,	'2022',	'Arkansas',	'1',	'-4.5',	'6 - 6',	'SEC',	24,	7,	7,	0,	55,	4),
(202202351,	401442031,	'2022',	'Texas Tech',	'0',	'',	'7 - 5',	'Big 12',	10,	16,	0,	16,	42,	4),
(202204110,	401442007,	'2022',	'Wake Forest',	'0',	'-1.5',	'7 - 5',	'ACC',	7,	7,	6,	7,	27,	2),
(202204135,	401442036,	'2022',	'Notre Dame (21)',	'0',	'-4.5',	'8 - 4',	'FBS Independents',	7,	10,	14,	14,	45,	2),
(202205949,	401442040,	'2022',	'Air Force',	'1',	'',	'9 - 3',	'Mountain West',	9,	0,	14,	7,	30,	2),
(202210389,	401442015,	'2022',	'Georgia (1)',	'1',	'-6.5',	'13 - 0',	'SEC',	7,	17,	0,	18,	42,	2),
(202212146,	401442002,	'2022',	'East Carolina',	'1',	'-7.5',	'7 - 5',	'American Athletic',	10,	14,	14,	15,	53,	2),
(202212582,	401441997,	'2022',	'BYU',	'1',	'',	'7 - 5',	'FBS Independents',	7,	3,	14,	0,	24,	2),
(202213803,	401441996,	'2022',	'Jackson State',	'0',	'-12.0',	'12 - 0',	'SWAC',	7,	14,	0,	13,	34,	2),
(202213864,	401441999,	'2022',	'Oregon State (14)',	'1',	'-7.5',	'9 - 3',	'Pac-12',	7,	3,	13,	7,	30,	2),
(202216601,	401441993,	'2022',	'UAB',	'1',	'-11.5',	'6 - 6',	'Conference USA',	10,	0,	0,	14,	24,	2),
(202216622,	401442037,	'2022',	'Bowling Green',	'1',	'',	'6 - 6',	'Mid-American',	0,	0,	7,	12,	19,	2),
(202221849,	401442013,	'2022',	'USC (10)',	'1',	'',	'11 - 2',	'Pac-12',	7,	21,	7,	10,	45,	2),
(202223967,	401442019,	'2022',	'Clemson (7)',	'1',	'-4.5',	'11 - 2',	'ACC',	0,	3,	3,	8,	14,	2),
(202224069,	401442006,	'2022',	'Toledo',	'1',	'-1.5',	'8 - 5',	'Mid-American',	0,	3,	10,	8,	21,	2),
(202225279,	401442004,	'2022',	'San Jose State',	'1',	'-4.5',	'7 - 4',	'Mountain West',	13,	0,	7,	7,	27,	2),
(202225344,	401442012,	'2022',	'LSU (17)',	'0',	'-6.5',	'9 - 4',	'SEC',	14,	21,	14,	14,	63,	2),
(202225952,	401442006,	'2022',	'Liberty',	'0',	'',	'8 - 4',	'FBS Independents',	7,	0,	0,	12,	19,	2),
(202226159,	401441993,	'2022',	'Miami (Ohio)',	'0',	'',	'6 - 6',	'Mid-American',	0,	6,	7,	7,	20,	2),
(202228388,	401441998,	'2022',	'Buffalo',	'1',	'',	'6 - 6',	'Mid-American',	0,	14,	6,	3,	23,	2),
(202231032,	401443542,	'2022',	'UCLA (18)',	'1',	'-3.5',	'9 - 3',	'Pac-12',	7,	14,	7,	7,	35,	2),
(202231652,	401442038,	'2022',	'Washingto State',	'0',	'-4.0',	'7 - 5',	'Pac-12',	0,	0,	6,	0,	6,	2),
(202231806,	401442008,	'2022',	'UCF',	'0',	'-3.5',	'9 - 4',	'American Athletic',	7,	0,	0,	6,	13,	2),
(202233689,	401442019,	'2022',	'Tennessee (6)',	'0',	'',	'10 - 2',	'SEC',	7,	7,	7,	10,	31,	2),
(202233705,	401442032,	'2022',	'Syracuse',	'0',	'',	'7 - 5',	'ACC',	0,	7,	6,	7,	20,	2),
(202234030,	401442013,	'2022',	'Tulane (16)',	'0',	'-1.5',	'11 - 2',	'American Athletic',	0,	14,	16,	16,	46,	2),
(202234621,	401441994,	'2022',	'Troy (24)',	'1',	'-2.5',	'11 - 2',	'Sun Belt',	0,	7,	8,	3,	18,	2),
(202234983,	401442004,	'2022',	'Eastern Michigan',	'0',	'',	'8 - 4',	'Mid-American',	9,	21,	11,	0,	41,	2),
(202235466,	401442018,	'2022',	'Alabama (5)',	'0',	'-4.5',	'10 - 2',	'SEC',	7,	14,	21,	3,	45,	2),
(202235713,	401442011,	'2022',	'Illinois',	'1',	'',	'8 - 4 ',	'Big Ten',	0,	7,	3,	0,	10,	2),
(202235725,	401441996,	'2022',	'N. C. Central',	'1',	'',	'9 - 2',	'MEAC',	10,	7,	9,	8,	41,	2),
(202235813,	401442000,	'2022',	'Memphis',	'0',	'-10.5',	'6 - 6',	'American Athletic',	3,	21,	0,	14,	38,	2),
(202235842,	401442032,	'2022',	'Minnesota',	'1',	'-6.5',	'8 - 4',	'Big Ten',	0,	14,	14,	0,	28,	2),
(202236326,	401441994,	'2022',	'UTSA (25)',	'0',	'',	'11 - 2',	'Conference USA',	2,	10,	0,	0,	12,	2),
(202237455,	401442030,	'2022',	'Kansas',	'0',	'',	'6 - 6',	'Big 12',	7,	6,	7,	18,	53,	2),
(202237936,	401443543,	'2022',	'Ohio ',	'0',	'-2.5',	'9 - 4',	'Mid-American',	8,	3,	7,	6,	30,	2),
(202241499,	401441999,	'2022',	'Florida',	'0',	'',	'6 - 6',	'SEC',	0,	0,	0,	3,	3,	2),
(202242802,	401442042,	'2022',	'Louisiana',	'0',	'',	'6 - 6',	'Sun Belt',	7,	9,	0,	0,	16,	2),
(202243047,	401442003,	'2022',	'Uconn',	'1',	'',	'6 - 6',	'FBS Independents',	0,	0,	14,	0,	14,	2),
(202243077,	401442001,	'2022',	'Boise State',	'1',	'-7.5',	'9 - 4',	'Mountain West',	0,	6,	22,	7,	35,	2),
(202244854,	401442017,	'2022',	'Iowa',	'0',	'',	'7 - 5',	'Big Ten',	0,	21,	0,	0,	21,	2),
(202247441,	401442002,	'2022',	'Coastal Carolina',	'0',	'',	'9 - 3',	'Sun Belt',	0,	14,	7,	8,	29,	2),
(202248404,	401442015,	'2022',	'Ohio State (4)',	'0',	'',	'11 - 1',	'Big Ten',	7,	21,	10,	3,	41,	2),
(202248552,	401442033,	'2022',	'Florida State (13)',	'1',	'-7.5',	'9 - 3',	'ACC',	3,	8,	7,	17,	35,	2),
(202248559,	401442007,	'2022',	'Missouri',	'1',	'',	'6 - 6',	'SEC',	3,	7,	7,	0,	17,	2),
(202249184,	401442014,	'2022',	'Penn State (11)',	'0',	'-1.5',	'10 - 2',	'Big Ten',	7,	7,	7,	14,	35,	2),
(202254056,	401442038,	'2022',	'Fresno State',	'1',	'',	'9 - 4',	'Mountain West',	7,	9,	6,	7,	29,	2),
(202254453,	401441995,	'2022',	'Louisville',	'1',	'',	'7 - 5',	'ACC',	7,	14,	3,	0,	24,	2),
(202257910,	401442008,	'2022',	'Duke',	'1',	'',	'8 - 4',	'ACC',	7,	13,	3,	7,	30,	2),
(202260236,	401442001,	'2022',	'North Texas',	'0',	'',	'7 - 6',	'Conference USA',	3,	7,	14,	8,	32,	2),
(202262647,	401443543,	'2022',	'Wyoming',	'1',	'',	'7 - 5',	'Mountain West',	14,	3,	0,	7,	27,	2),
(202264095,	401442042,	'2022',	'Houston',	'1',	'-3.5',	'7 - 5',	'American Athletic',	0,	6,	7,	10,	23,	2),
(202266636,	401442011,	'2022',	'Mississippi State (22)',	'0',	'-1.5',	'8 - 4',	'SEC',	0,	3,	0,	16,	19,	2),
(202269625,	401442035,	'2022',	'Maryland',	'0',	'-2.5',	'7 - 5',	'Big Ten',	3,	7,	3,	3,	16,	2),
(202270195,	401442009,	'2022',	'San Diego State',	'1',	'-1.5',	'7 - 5',	'Mountain West',	14,	0,	3,	6,	23,	2),
(202270529,	401442016,	'2022',	'Michigan (2)',	'1',	'-9.5',	'13 - 0',	'Big Ten',	0,	6,	24,	15,	45,	2),
(202270769,	401442031,	'2022',	'Ole Miss',	'1',	'-3.0',	'8 - 4',	'SEC',	7,	0,	6,	12,	25,	2),
(202272545,	401442037,	'2022',	'New Mexico State',	'0',	'-1.5',	'6 - 6',	'FBS Independents',	7,	7,	10,	0,	24,	2),
(202272555,	401443542,	'2022',	'Pitt',	'0',	'',	'',	'ACC',	6,	8,	7,	16,	37,	2),
(202273007,	401442034,	'2022',	'Texas (20)',	'0',	'-3.5',	'8 - 4',	'Big 12',	3,	0,	7,	10,	20,	2),
(202274068,	401442000,	'2022',	'Utah State',	'1',	'',	'6 - 6',	'Mountain West',	0,	3,	0,	7,	10,	2),
(202278420,	401442034,	'2022',	'Washington (12)',	'1',	'',	'10 - 2',	'Pac-12',	10,	3,	7,	7,	27,	2),
(202279102,	401442014,	'2022',	'Utah (8)',	'1',	'',	'10 - 3',	'Pac-12',	0,	14,	0,	7,	21,	2),
(202279210,	401442040,	'2022',	'Baylor',	'0',	'-6.5',	'6 - 6',	'Big 12',	0,	7,	0,	8,	15,	2),
(202280081,	401442017,	'2022',	'Kentucky',	'1',	'-3.5',	'7 - 5',	'SEC',	0,	0,	0,	0,	0,	2),
(202282519,	401441998,	'2022',	'Georgia Southern',	'0',	'-4.5',	'6 - 6',	'Sun Belt',	0,	6,	8,	7,	21,	2),
(202282695,	401442041,	'2022',	'Rice',	'0',	'',	'5 - 7',	'Conference USA',	0,	3,	21,	0,	24,	2),
(202282867,	401442039,	'2022',	'Western Kentucky',	'0',	'',	'8 - 5',	'Conference USA',	14,	17,	10,	3,	44,	2),
(202282945,	401442012,	'2022',	'Purdue',	'1',	'',	'8 - 5',	'Big Ten',	0,	0,	0,	7,	7,	2),
(202283093,	401442039,	'2022',	'South Alabama',	'1',	'-2.5',	'10 - 2',	'Sun Belt',	0,	3,	14,	6,	23,	2),
(202284033,	401470891,	'2022',	'Oregon (15)',	'0',	'-9.5',	'9 - 3',	'Pac-12',	7,	7,	0,	14,	28,	2),
(202284206,	401442009,	'2022',	'Middle Tennesse State',	'0',	'',	'7 - 5',	'Conference USA',	0,	13,	3,	9,	25,	2),
(202284410,	401442005,	'2022',	'Wisconsin',	'0',	'-2.5',	'6 - 6',	'Big Ten',	3,	14,	7,	0,	24,	2),
(202284607,	401442041,	'2022',	'Southern Miss',	'1',	'-5.5',	'6 - 6',	'Sun Belt',	7,	10,	7,	14,	38,	2),
(202285513,	401442018,	'2022',	'Kansas State (9)',	'1',	'',	'10 - 3',	'Big 12',	10,	0,	3,	7,	20,	2),
(202285572,	401442035,	'2022',	'NC State (23)',	'1',	'',	'8 - 4',	'ACC',	3,	6,	0,	3,	12,	2),
(202286820,	401470891,	'2022',	'North Carolina',	'1',	'',	'9 - 4',	'ACC',	7,	14,	0,	6,	27,	2),
(202289931,	401442005,	'2022',	'Oklahoma State',	'1',	'',	'7 - 5',	'Big 12',	7,	0,	0,	10,	17,	2),
(202291023,	401442033,	'2022',	'Oklahoma',	'0',	'',	'6 - 6',	'Big 12',	7,	10,	0,	15,	32,	2),
(202291477,	401442016,	'2022',	'TCU (3)',	'0',	'',	'12 - 1',	'Big 12',	14,	7,	20,	10,	51,	2),
(202291712,	401441995,	'2022',	'Cincinnati',	'0',	'-1.5',	'9 - 3',	'American Athletic',	0,	7,	0,	0,	7,	2),
(202291803,	401442036,	'2022',	'South Carolina (19)',	'1',	'',	'8 - 4',	'SEC',	21,	3,	7,	7,	38,	2),
(202295819,	401442003,	'2022',	'Marshall',	'0',	'-9.5',	'8 - 4',	'Sun Belt',	14,	7,	7,	0,	28,	2),
(202299736,	401441997,	'2022',	'SMU',	'0',	'-2.5',	'7 - 5',	'American Athletic',	10,	0,	0,	13,	23,	2);

DROP TABLE IF EXISTS `playerPicks`;
CREATE TABLE `playerPicks` (
  `pickId` bigint NOT NULL,
  `playerId` int NOT NULL,
  `gameId` int NOT NULL,
  `isHome` tinyint(1) DEFAULT NULL,
  `version` int NOT NULL DEFAULT '0',
  PRIMARY KEY (`pickId`)
) ENGINE=InnoDB DEFAULT CHARSET=utf8mb4 COLLATE=utf8mb4_0900_ai_ci;

INSERT INTO `playerPicks` (`pickId`, `playerId`, `gameId`, `isHome`, `version`) VALUES
(2022000121850,	202283089,	401442017,	0,	0),
(2022000225062,	202286140,	401442018,	0,	0),
(2022000305151,	202207844,	401442004,	0,	0),
(2022002790759,	202207184,	401442018,	0,	0),
(2022006980625,	202280949,	401442034,	1,	0),
(2022009500627,	202207184,	401442007,	1,	0),
(2022010199670,	202260040,	401441997,	1,	0),
(2022010442104,	202280949,	401442003,	1,	0),
(2022010847305,	202260040,	401441994,	1,	0),
(2022011477016,	202274899,	401442031,	0,	0),
(2022013552439,	202250036,	401442016,	1,	0),
(2022014217803,	202257438,	401442019,	0,	0),
(2022014478947,	202280949,	401442032,	1,	0),
(2022014794060,	202260989,	401441994,	0,	0),
(2022016106666,	202201581,	401442015,	1,	0),
(2022017847770,	202283089,	401441996,	1,	0),
(2022020853054,	202233927,	401442035,	1,	0),
(2022021555925,	202250036,	401442009,	1,	0),
(2022022152828,	202286140,	401441995,	0,	0),
(2022023591895,	202286140,	401442035,	1,	0),
(2022024091526,	202280949,	401441994,	1,	0),
(2022025837538,	202250036,	401442039,	0,	0),
(2022030099610,	202270259,	401442013,	1,	0),
(2022031977992,	202280949,	401442008,	1,	0),
(2022035854500,	202283089,	401442036,	0,	0),
(2022039342822,	202274899,	401443542,	1,	0),
(2022046311217,	202260989,	401441998,	0,	0),
(2022048060868,	202207844,	401442007,	0,	0),
(2022051211011,	202207844,	401442011,	1,	0),
(2022052198749,	202233927,	401442014,	1,	0),
(2022053681857,	202207184,	401443542,	1,	0),
(2022055563054,	202274899,	401442015,	0,	0),
(2022055846252,	202274899,	401442002,	0,	0),
(2022058848165,	202286140,	401442008,	1,	0),
(2022061491159,	202250036,	401441994,	1,	0),
(2022062418950,	202207184,	401441997,	0,	0),
(2022063155513,	202280949,	401442000,	0,	0),
(2022063795835,	202286140,	401442003,	1,	0),
(2022067138674,	202269213,	401442005,	0,	0),
(2022067708816,	202280949,	401442019,	0,	0),
(2022070917800,	202283089,	401442012,	0,	0),
(2022070925624,	202207184,	401442004,	1,	0),
(2022071896950,	202250036,	401442007,	0,	0),
(2022072411066,	202250036,	401442013,	0,	0),
(2022072607425,	202286140,	401442009,	1,	0),
(2022075232418,	202260040,	401442008,	1,	0),
(2022078014863,	202283089,	401442016,	1,	0),
(2022078181940,	202250036,	401442018,	1,	0),
(2022078875089,	202233927,	401442016,	1,	0),
(2022080567568,	202270259,	401442000,	1,	0),
(2022082816558,	202270259,	401441997,	0,	0),
(2022084446791,	202257438,	401441996,	1,	0),
(2022085156984,	202260040,	401442033,	1,	0),
(2022085593684,	202270259,	401441998,	0,	0),
(2022085774638,	202207844,	401442002,	0,	0),
(2022088470238,	202269213,	401442001,	1,	0),
(2022088569673,	202260040,	401442041,	0,	0),
(2022088660415,	202260040,	401441993,	0,	0),
(2022089723341,	202283089,	401442039,	0,	0),
(2022090088932,	202280949,	401442042,	0,	0),
(2022090643226,	202207184,	401442013,	1,	0),
(2022090643228,	202274899,	401442017,	0,	0),
(2022091582331,	202201581,	401442018,	0,	0),
(2022091807536,	202286140,	401442004,	0,	0),
(2022091900689,	202283089,	401441993,	0,	0),
(2022092813645,	202280949,	401441999,	1,	0),
(2022094771513,	202260989,	401442038,	0,	0),
(2022095168689,	202270259,	401442018,	0,	0),
(2022098179226,	202260040,	401441995,	0,	0),
(2022099371400,	202270259,	401442004,	1,	0),
(2022102195468,	202257438,	401442012,	0,	0),
(2022102590496,	202270259,	401442007,	1,	0),
(2022103032400,	202207184,	401441996,	1,	0),
(2022107095138,	202207844,	401442012,	1,	0),
(2022110012186,	202260989,	401442000,	0,	0),
(2022110582284,	202260040,	401442004,	0,	0),
(2022112263293,	202201581,	401442042,	0,	0),
(2022115207256,	202270259,	401442031,	1,	0),
(2022115271340,	202260040,	401442007,	0,	0),
(2022116877122,	202260989,	401442006,	1,	0),
(2022117619873,	202260989,	401442011,	0,	0),
(2022117895300,	202201581,	401442001,	1,	0),
(2022120212946,	202269213,	401442038,	0,	0),
(2022126801571,	202269213,	401470891,	0,	0),
(2022131432809,	202201581,	401442032,	1,	0),
(2022132745058,	202233927,	401441998,	1,	0),
(2022134957126,	202283089,	401442037,	0,	0),
(2022135867901,	202207844,	401442035,	1,	0),
(2022138190916,	202233927,	401442009,	1,	0),
(2022140389676,	202233927,	401442019,	1,	0),
(2022140455617,	202283089,	401442032,	1,	0),
(2022142758044,	202260989,	401442037,	1,	0),
(2022146634613,	202270259,	401442040,	1,	0),
(2022147400451,	202274899,	401442037,	0,	0),
(2022147692616,	202260989,	401442005,	1,	0),
(2022148054401,	202233927,	401442000,	1,	0),
(2022151199400,	202233927,	401443543,	0,	0),
(2022151377528,	202201581,	401442016,	1,	0),
(2022152074886,	202257438,	401441998,	1,	0),
(2022153186788,	202280949,	401442031,	0,	0),
(2022153879497,	202283089,	401442033,	1,	0),
(2022153970189,	202260040,	401442012,	0,	0),
(2022154269726,	202250036,	401442030,	1,	0),
(2022154348933,	202283089,	401442003,	0,	0),
(2022154884188,	202207844,	401442031,	0,	0),
(2022154887497,	202207184,	401442042,	1,	0),
(2022159392896,	202233927,	401442032,	1,	0),
(2022160925081,	202233927,	401442037,	1,	0),
(2022162091887,	202207184,	401442038,	0,	0),
(2022164118379,	202201581,	401442031,	1,	0),
(2022166641546,	202286140,	401441997,	0,	0),
(2022169537915,	202274899,	401442011,	0,	0),
(2022170150832,	202260040,	401442013,	0,	0),
(2022171726902,	202233927,	401441995,	0,	0),
(2022174302242,	202207844,	401442015,	0,	0),
(2022175372922,	202201581,	401442005,	1,	0),
(2022175882424,	202260989,	401442031,	0,	0),
(2022176756515,	202286140,	401442013,	1,	0),
(2022176788611,	202233927,	401442030,	1,	0),
(2022178741989,	202274899,	401442040,	1,	0),
(2022179720306,	202260040,	401442003,	0,	0),
(2022180183609,	202270259,	401443542,	1,	0),
(2022181905072,	202250036,	401442036,	0,	0),
(2022182156720,	202269213,	401442034,	1,	0),
(2022182744517,	202260989,	401442018,	0,	0),
(2022182889424,	202201581,	401442011,	0,	0),
(2022184018746,	202274899,	401442032,	1,	0),
(2022188083338,	202233927,	401442005,	1,	0),
(2022191583790,	202270259,	401442009,	1,	0),
(2022192795192,	202270259,	401442035,	1,	0),
(2022194141569,	202201581,	401470891,	0,	0),
(2022194911142,	202250036,	401442014,	0,	0),
(2022197428822,	202280949,	401442015,	0,	0),
(2022198877022,	202207184,	401442039,	1,	0),
(2022200526349,	202201581,	401442041,	1,	0),
(2022201189846,	202286140,	401442042,	1,	0),
(2022202214925,	202280949,	401442041,	0,	0),
(2022202787246,	202257438,	401442001,	1,	0),
(2022205920075,	202260040,	401442014,	0,	0),
(2022206100693,	202233927,	401442012,	1,	0),
(2022206579348,	202280949,	401443542,	1,	0),
(2022210490264,	202260040,	401442000,	1,	0),
(2022211237833,	202257438,	401442039,	1,	0),
(2022211554942,	202270259,	401441994,	1,	0),
(2022212280569,	202207184,	401442017,	0,	0),
(2022213036390,	202260989,	401442003,	0,	0),
(2022213274740,	202283089,	401442018,	0,	0),
(2022214087531,	202250036,	401441995,	0,	0),
(2022215615975,	202260989,	401442033,	1,	0),
(2022219760541,	202286140,	401443543,	1,	0),
(2022223483871,	202286140,	401442019,	0,	0),
(2022223562799,	202250036,	401442006,	1,	0),
(2022223807180,	202274899,	401442018,	1,	0),
(2022223944977,	202207184,	401442019,	1,	0),
(2022224260794,	202207844,	401442039,	1,	0),
(2022225292468,	202269213,	401442031,	1,	0),
(2022226880917,	202207184,	401441995,	1,	0),
(2022228456125,	202233927,	401442031,	1,	0),
(2022229769732,	202274899,	401442042,	1,	0),
(2022233583899,	202286140,	401442007,	0,	0),
(2022236964280,	202207184,	401442014,	1,	0),
(2022238514587,	202270259,	401442019,	0,	0),
(2022241001873,	202201581,	401443543,	0,	0),
(2022242762438,	202286140,	401442040,	1,	0),
(2022244523173,	202233927,	401442006,	0,	0),
(2022246990257,	202233927,	401470891,	0,	0),
(2022248474146,	202250036,	401442032,	0,	0),
(2022252748824,	202250036,	401470891,	0,	0),
(2022252904013,	202233927,	401441996,	0,	0),
(2022253315108,	202286140,	401441994,	0,	0),
(2022253893548,	202250036,	401441996,	1,	0),
(2022255032353,	202250036,	401442012,	1,	0),
(2022255491841,	202269213,	401442003,	0,	0),
(2022256282182,	202233927,	401442015,	1,	0),
(2022258020558,	202233927,	401442034,	1,	0),
(2022260518451,	202274899,	401442014,	0,	0),
(2022261231191,	202269213,	401443542,	1,	0),
(2022266314650,	202286140,	401442015,	1,	0),
(2022267051935,	202260040,	401441996,	1,	0),
(2022267374644,	202274899,	401441998,	1,	0),
(2022269444935,	202257438,	401441993,	1,	0),
(2022270468827,	202250036,	401442008,	1,	0),
(2022273040600,	202274899,	401443543,	0,	0),
(2022275509893,	202207844,	401442036,	0,	0),
(2022278350665,	202257438,	401443542,	1,	0),
(2022281120205,	202274899,	401442008,	1,	0),
(2022281701191,	202250036,	401442011,	1,	0),
(2022281927121,	202250036,	401442041,	1,	0),
(2022282164996,	202207184,	401442035,	1,	0),
(2022282803072,	202250036,	401441998,	1,	0),
(2022284586769,	202201581,	401442033,	1,	0),
(2022284880867,	202207844,	401442033,	1,	0),
(2022285890456,	202274899,	401442007,	1,	0),
(2022287602653,	202201581,	401441997,	0,	0),
(2022287766623,	202269213,	401442041,	1,	0),
(2022289018725,	202257438,	401441994,	1,	0),
(2022291429410,	202207844,	401441994,	0,	0),
(2022292565460,	202283089,	401442030,	0,	0),
(2022293588628,	202207844,	401442038,	0,	0),
(2022298878679,	202201581,	401442006,	1,	0),
(2022301003621,	202250036,	401441999,	0,	0),
(2022301177566,	202286140,	401442032,	1,	0),
(2022302511695,	202269213,	401442017,	0,	0),
(2022303622224,	202257438,	401442041,	1,	0),
(2022314293017,	202270259,	401442038,	0,	0),
(2022314769179,	202280949,	401442011,	0,	0),
(2022316689597,	202286140,	401442006,	1,	0),
(2022318095728,	202270259,	401441996,	1,	0),
(2022318886911,	202257438,	401442032,	0,	0),
(2022324084949,	202283089,	401442040,	1,	0),
(2022325402658,	202233927,	401442011,	0,	0),
(2022327210123,	202274899,	401441996,	1,	0),
(2022327528130,	202201581,	401441994,	1,	0),
(2022327611937,	202260040,	401442031,	0,	0),
(2022327800805,	202207844,	401443543,	0,	0),
(2022334356100,	202201581,	401441993,	0,	0),
(2022336145309,	202269213,	401442009,	1,	0),
(2022336494601,	202250036,	401442001,	0,	0),
(2022338234375,	202286140,	401442011,	0,	0),
(2022338402151,	202274899,	401442036,	0,	0),
(2022338731187,	202283089,	401441997,	0,	0),
(2022339235803,	202207844,	401442003,	0,	0),
(2022339277953,	202270259,	401470891,	1,	0),
(2022339512499,	202286140,	401442012,	1,	0),
(2022340653981,	202207844,	401441997,	0,	0),
(2022344317172,	202207844,	401442013,	1,	0),
(2022348508403,	202283089,	401441998,	1,	0),
(2022351182736,	202257438,	401442015,	0,	0),
(2022351867437,	202280949,	401442035,	1,	0),
(2022351903495,	202269213,	401442008,	0,	0),
(2022352125152,	202280949,	401441997,	0,	0),
(2022356806421,	202283089,	401442031,	0,	0),
(2022356852717,	202286140,	401441996,	1,	0),
(2022359190350,	202201581,	401442035,	1,	0),
(2022361119170,	202260989,	401441996,	0,	0),
(2022361546754,	202274899,	401442039,	0,	0),
(2022362934634,	202270259,	401442015,	1,	0),
(2022365082021,	202274899,	401442001,	1,	0),
(2022365594988,	202260989,	401442015,	1,	0),
(2022368618263,	202207184,	401441998,	0,	0),
(2022371025893,	202260989,	401442014,	1,	0),
(2022371047249,	202233927,	401442007,	1,	0),
(2022373483768,	202207844,	401442018,	0,	0),
(2022375380251,	202283089,	401442001,	1,	0),
(2022376962257,	202280949,	401442002,	1,	0),
(2022377523924,	202260040,	401470891,	1,	0),
(2022383858666,	202207184,	401441994,	0,	0),
(2022383866820,	202207844,	401442017,	0,	0),
(2022383921338,	202260040,	401442005,	1,	0),
(2022386421052,	202280949,	401442033,	1,	0),
(2022391296627,	202260989,	401442040,	0,	0),
(2022398215361,	202201581,	401442019,	1,	0),
(2022400060096,	202286140,	401441993,	1,	0),
(2022401302652,	202260989,	401442017,	1,	0),
(2022402646288,	202283089,	401442009,	1,	0),
(2022404066157,	202257438,	401441997,	0,	0),
(2022405118503,	202274899,	401441997,	0,	0),
(2022405219718,	202250036,	401442031,	1,	0),
(2022406030819,	202280949,	401442037,	1,	0),
(2022406810167,	202233927,	401442040,	1,	0),
(2022410605444,	202207184,	401442016,	1,	0),
(2022411084491,	202283089,	401442038,	1,	0),
(2022415102120,	202270259,	401442001,	1,	0),
(2022417205930,	202260040,	401442016,	1,	0),
(2022417863504,	202286140,	401443542,	1,	0),
(2022418375908,	202233927,	401442042,	0,	0),
(2022420073694,	202286140,	401442038,	1,	0),
(2022423642967,	202283089,	401442013,	1,	0),
(2022426232363,	202283089,	401443543,	0,	0),
(2022428822656,	202274899,	401442003,	1,	0),
(2022429994930,	202201581,	401443542,	1,	0),
(2022430110395,	202286140,	401442000,	0,	0),
(2022430208187,	202286140,	401442034,	1,	0),
(2022437382060,	202274899,	401442004,	1,	0),
(2022437473534,	202260989,	401442042,	1,	0),
(2022440905126,	202207844,	401442030,	0,	0),
(2022443122110,	202207184,	401441993,	0,	0),
(2022445567721,	202260989,	401442036,	1,	0),
(2022445963495,	202270259,	401442041,	1,	0),
(2022446402852,	202269213,	401442032,	1,	0),
(2022446471474,	202286140,	401442031,	1,	0),
(2022447925201,	202274899,	401470891,	0,	0),
(2022449554869,	202274899,	401442033,	1,	0),
(2022451264249,	202260989,	401442019,	0,	0),
(2022452114190,	202201581,	401441995,	0,	0),
(2022452178988,	202250036,	401442019,	1,	0),
(2022454181019,	202280949,	401442030,	0,	0),
(2022457417233,	202274899,	401442035,	1,	0),
(2022462236292,	202260989,	401442030,	1,	0),
(2022462574205,	202233927,	401442017,	1,	0),
(2022472182303,	202274899,	401442013,	1,	0),
(2022473829385,	202250036,	401441993,	0,	0),
(2022480517424,	202260989,	401441999,	1,	0),
(2022484232341,	202257438,	401442033,	1,	0),
(2022485206381,	202250036,	401442035,	0,	0),
(2022486352648,	202269213,	401442007,	0,	0),
(2022486755297,	202280949,	401442004,	1,	0),
(2022487941671,	202250036,	401442017,	1,	0),
(2022488935198,	202286140,	401441999,	1,	0),
(2022489487614,	202257438,	401442002,	0,	0),
(2022491223725,	202283089,	401441995,	0,	0),
(2022492098311,	202207844,	401442019,	1,	0),
(2022492689834,	202250036,	401442005,	0,	0),
(2022493758939,	202207844,	401441996,	1,	0),
(2022494995752,	202270259,	401442037,	0,	0),
(2022495913887,	202207184,	401442008,	0,	0),
(2022499527591,	202257438,	401442006,	0,	0),
(2022499909293,	202207844,	401441995,	0,	0),
(2022500743968,	202274899,	401442006,	0,	0),
(2022504304465,	202207184,	401442030,	0,	0),
(2022505240194,	202270259,	401442036,	1,	0),
(2022506832512,	202283089,	401442002,	1,	0),
(2022511068790,	202283089,	401443542,	1,	0),
(2022512969271,	202280949,	401442016,	1,	0),
(2022513434013,	202269213,	401442016,	0,	0),
(2022514151853,	202233927,	401442033,	1,	0),
(2022524490715,	202280949,	401442039,	1,	0),
(2022529033051,	202207184,	401442031,	1,	0),
(2022529173049,	202207844,	401442016,	1,	0),
(2022530468464,	202280949,	401442036,	0,	0),
(2022531799471,	202274899,	401442000,	1,	0),
(2022532104073,	202286140,	401442041,	1,	0),
(2022534514111,	202207184,	401442041,	1,	0),
(2022535888429,	202207184,	401442001,	1,	0),
(2022554914081,	202269213,	401442036,	0,	0),
(2022556603451,	202269213,	401441997,	0,	0),
(2022557955588,	202269213,	401442014,	1,	0),
(2022558951593,	202207844,	401443542,	1,	0),
(2022559266698,	202280949,	401442017,	0,	0),
(2022561466118,	202274899,	401441999,	1,	0),
(2022561920833,	202269213,	401441996,	0,	0),
(2022565730378,	202207184,	401442002,	1,	0),
(2022567848447,	202260040,	401442017,	1,	0),
(2022568888163,	202260989,	401442009,	1,	0),
(2022570007091,	202274899,	401442019,	0,	0),
(2022572809711,	202286140,	401442002,	1,	0),
(2022574196566,	202233927,	401442013,	1,	0),
(2022575565382,	202286140,	401442005,	0,	0),
(2022576529135,	202207844,	401441993,	0,	0),
(2022577078710,	202286140,	401442039,	1,	0),
(2022578066449,	202201581,	401442014,	1,	0),
(2022582740140,	202260989,	401442008,	0,	0),
(2022582793184,	202207844,	401442005,	0,	0),
(2022583470795,	202283089,	401442015,	1,	0),
(2022584831946,	202260040,	401441999,	1,	0),
(2022585539172,	202269213,	401442012,	0,	0),
(2022586249835,	202201581,	401441999,	1,	0),
(2022587352660,	202260040,	401442042,	0,	0),
(2022588161233,	202257438,	401442003,	1,	0),
(2022590893709,	202260040,	401442006,	0,	0),
(2022590927062,	202250036,	401442042,	1,	0),
(2022591184741,	202233927,	401442003,	0,	0),
(2022591713982,	202269213,	401442018,	0,	0),
(2022594677491,	202257438,	401442017,	0,	0),
(2022595340731,	202207184,	401441999,	1,	0),
(2022595371873,	202257438,	401442014,	0,	0),
(2022597303041,	202270259,	401442042,	1,	0),
(2022599261292,	202250036,	401442003,	0,	0),
(2022601116865,	202207184,	401470891,	0,	0),
(2022601280085,	202270259,	401442030,	1,	0),
(2022601821038,	202201581,	401442037,	1,	0),
(2022601967914,	202207844,	401441999,	1,	0),
(2022603135267,	202250036,	401443543,	1,	0),
(2022603642074,	202283089,	401442007,	1,	0),
(2022604236622,	202207844,	401442041,	0,	0),
(2022604501353,	202260040,	401442002,	1,	0),
(2022608936142,	202260989,	401442016,	0,	0),
(2022610699926,	202283089,	401442042,	1,	0),
(2022613284964,	202269213,	401442019,	1,	0),
(2022615102985,	202274899,	401442041,	0,	0),
(2022616778502,	202280949,	401442038,	0,	0),
(2022616782088,	202269213,	401441994,	1,	0),
(2022619601495,	202270259,	401442008,	0,	0),
(2022620951778,	202201581,	401442007,	0,	0),
(2022623098357,	202280949,	401442006,	1,	0),
(2022623506715,	202207844,	401442034,	1,	0),
(2022626236352,	202257438,	401470891,	0,	0),
(2022627185038,	202257438,	401442031,	1,	0),
(2022628253146,	202207184,	401442005,	1,	0),
(2022628434758,	202257438,	401442037,	0,	0),
(2022628461512,	202207844,	401442000,	1,	0),
(2022629333096,	202283089,	401470891,	0,	0),
(2022629540871,	202207184,	401442040,	1,	0),
(2022634798534,	202233927,	401441993,	0,	0),
(2022635271352,	202257438,	401442011,	1,	0),
(2022636004780,	202233927,	401442001,	1,	0),
(2022646597322,	202257438,	401441995,	0,	0),
(2022646598240,	202233927,	401441994,	1,	0),
(2022646755448,	202207184,	401442036,	1,	0),
(2022647326349,	202257438,	401442007,	1,	0),
(2022649810809,	202269213,	401441995,	0,	0),
(2022651018466,	202283089,	401442034,	0,	0),
(2022651902931,	202260040,	401442034,	1,	0),
(2022652554219,	202250036,	401441997,	0,	0),
(2022653897375,	202201581,	401442013,	1,	0),
(2022655080174,	202274899,	401441993,	1,	0),
(2022656699277,	202283089,	401441994,	1,	0),
(2022657438040,	202201581,	401442034,	1,	0),
(2022657641213,	202270259,	401442032,	0,	0),
(2022659426247,	202260040,	401442038,	0,	0),
(2022667414943,	202207844,	401442040,	1,	0),
(2022668005174,	202207844,	401441998,	0,	0),
(2022668131583,	202260989,	401442007,	0,	0),
(2022669543846,	202270259,	401442033,	1,	0),
(2022673015969,	202207844,	401442009,	1,	0),
(2022673069322,	202260989,	401442004,	0,	0),
(2022674008044,	202274899,	401442038,	1,	0),
(2022674901744,	202260040,	401442040,	0,	0),
(2022675318650,	202260040,	401442032,	0,	0),
(2022675815521,	202207844,	401442042,	1,	0),
(2022677282686,	202270259,	401442012,	0,	0),
(2022678896259,	202260040,	401443542,	1,	0),
(2022679056721,	202260040,	401441998,	1,	0),
(2022679845222,	202233927,	401442036,	1,	0),
(2022680040002,	202233927,	401442008,	0,	0),
(2022681258834,	202269213,	401442040,	1,	0),
(2022682527059,	202274899,	401442034,	1,	0),
(2022683698128,	202280949,	401442009,	1,	0),
(2022689679262,	202269213,	401441999,	1,	0),
(2022690454750,	202257438,	401442018,	0,	0),
(2022692419853,	202207184,	401442011,	1,	0),
(2022692424748,	202250036,	401442015,	1,	0),
(2022692520904,	202283089,	401442004,	0,	0),
(2022695774934,	202260040,	401442035,	1,	0),
(2022698613178,	202250036,	401442038,	1,	0),
(2022700099928,	202257438,	401442013,	1,	0),
(2022700531854,	202260989,	401443543,	0,	0),
(2022700597197,	202201581,	401442002,	0,	0),
(2022704213698,	202233927,	401442002,	0,	0),
(2022704221583,	202257438,	401442034,	1,	0),
(2022706300668,	202260989,	401442002,	0,	0),
(2022708003531,	202257438,	401442005,	1,	0),
(2022708666472,	202286140,	401442037,	1,	0),
(2022709660480,	202270259,	401442006,	1,	0),
(2022710678355,	202257438,	401442036,	1,	0),
(2022711408384,	202250036,	401442034,	1,	0),
(2022711948572,	202280949,	401442007,	0,	0),
(2022714101124,	202207844,	401442001,	0,	0),
(2022715502769,	202260989,	401470891,	0,	0),
(2022715646163,	202260040,	401443543,	0,	0),
(2022716961498,	202257438,	401442016,	0,	0),
(2022717953920,	202270259,	401442034,	1,	0),
(2022720698441,	202283089,	401442008,	1,	0),
(2022722258609,	202269213,	401442039,	1,	0),
(2022726466938,	202233927,	401441997,	1,	0),
(2022730981164,	202250036,	401443542,	0,	0),
(2022731149478,	202201581,	401442017,	1,	0),
(2022731314339,	202260989,	401441993,	1,	0),
(2022731878291,	202207184,	401442015,	1,	0),
(2022736660072,	202257438,	401443543,	0,	0),
(2022737667038,	202280949,	401442013,	0,	0),
(2022740823504,	202286140,	401441998,	0,	0),
(2022741403712,	202283089,	401442011,	1,	0),
(2022742691235,	202270259,	401442016,	0,	0),
(2022744237996,	202207844,	401442014,	1,	0),
(2022745571994,	202207844,	401442032,	0,	0),
(2022747692631,	202207184,	401442037,	0,	0),
(2022748250484,	202280949,	401441996,	1,	0),
(2022749374384,	202207184,	401442003,	1,	0),
(2022750766927,	202260989,	401442041,	0,	0),
(2022754758681,	202207844,	401470891,	0,	0),
(2022756696544,	202250036,	401442033,	1,	0),
(2022758352311,	202269213,	401442015,	1,	0),
(2022759539093,	202260989,	401442035,	1,	0),
(2022760995806,	202201581,	401442000,	1,	0),
(2022762502202,	202269213,	401442013,	1,	0),
(2022762993005,	202283089,	401442041,	0,	0),
(2022763572114,	202269213,	401442037,	0,	0),
(2022763820993,	202280949,	401441998,	0,	0),
(2022765827414,	202280949,	401442001,	0,	0),
(2022766233814,	202257438,	401442008,	1,	0),
(2022771301786,	202250036,	401442004,	1,	0),
(2022774000501,	202274899,	401442030,	0,	0),
(2022780630241,	202274899,	401442005,	0,	0),
(2022783319854,	202257438,	401442040,	1,	0),
(2022784054469,	202274899,	401442012,	1,	0),
(2022785473940,	202286140,	401470891,	0,	0),
(2022785677148,	202269213,	401442033,	1,	0),
(2022785809005,	202260989,	401442034,	1,	0),
(2022786837432,	202286140,	401442001,	1,	0),
(2022791630212,	202207844,	401442008,	1,	0),
(2022792592447,	202269213,	401442030,	1,	0),
(2022799220061,	202286140,	401442033,	1,	0),
(2022800509024,	202233927,	401442039,	1,	0),
(2022805026403,	202270259,	401442005,	0,	0),
(2022806126427,	202260040,	401442039,	1,	0),
(2022807174119,	202260989,	401441995,	0,	0),
(2022810194322,	202270259,	401442002,	1,	0),
(2022810358359,	202260989,	401442012,	0,	0),
(2022815917735,	202280949,	401442014,	1,	0),
(2022816108018,	202283089,	401442019,	0,	0),
(2022818755323,	202257438,	401442004,	1,	0),
(2022819122548,	202257438,	401442030,	0,	0),
(2022821660700,	202270259,	401441995,	0,	0),
(2022823456919,	202201581,	401442038,	1,	0),
(2022824172161,	202280949,	401442005,	0,	0),
(2022824379163,	202257438,	401442038,	0,	0),
(2022825320090,	202207844,	401442006,	1,	0),
(2022825966572,	202201581,	401442004,	1,	0),
(2022828633437,	202269213,	401441993,	1,	0),
(2022829291263,	202257438,	401442035,	0,	0),
(2022829604180,	202286140,	401442016,	1,	0),
(2022830207746,	202286140,	401442017,	1,	0),
(2022832126607,	202260040,	401442037,	0,	0),
(2022837277059,	202260040,	401442009,	1,	0),
(2022840243288,	202250036,	401442000,	0,	0),
(2022841136013,	202233927,	401441999,	1,	0),
(2022845228903,	202233927,	401442018,	1,	0),
(2022845800687,	202260989,	401441997,	0,	0),
(2022846675044,	202207184,	401442000,	1,	0),
(2022850436237,	202250036,	401442002,	1,	0),
(2022851263505,	202280949,	401441995,	1,	0),
(2022852464148,	202207184,	401442034,	1,	0),
(2022853853614,	202270259,	401442003,	1,	0),
(2022854327540,	202260989,	401442032,	0,	0),
(2022854879745,	202270259,	401442039,	0,	0),
(2022856582271,	202201581,	401442009,	1,	0),
(2022857261986,	202260040,	401442030,	1,	0),
(2022858164463,	202283089,	401442005,	1,	0),
(2022859698045,	202233927,	401443542,	1,	0),
(2022860552557,	202260989,	401443542,	1,	0),
(2022860560852,	202201581,	401442012,	0,	0),
(2022861661847,	202270259,	401442017,	1,	0),
(2022862930101,	202283089,	401442035,	0,	0),
(2022864081640,	202269213,	401442002,	1,	0),
(2022864950742,	202201581,	401442003,	0,	0),
(2022866759421,	202201581,	401442039,	1,	0),
(2022868600470,	202280949,	401441993,	0,	0),
(2022870932605,	202274899,	401442009,	1,	0),
(2022871329619,	202269213,	401442004,	1,	0),
(2022872049574,	202201581,	401442030,	0,	0),
(2022876888887,	202280949,	401470891,	0,	0),
(2022876918257,	202280949,	401442040,	1,	0),
(2022877500404,	202207184,	401442033,	1,	0),
(2022880996520,	202257438,	401442000,	1,	0),
(2022885184758,	202269213,	401442011,	0,	0),
(2022885749213,	202270259,	401443543,	1,	0),
(2022890680640,	202260989,	401442001,	0,	0),
(2022897728811,	202274899,	401441994,	1,	0),
(2022903167546,	202274899,	401442016,	1,	0),
(2022903345421,	202283089,	401442000,	0,	0),
(2022904689462,	202233927,	401442038,	1,	0),
(2022904916727,	202286140,	401442036,	0,	0),
(2022906061565,	202233927,	401442004,	0,	0),
(2022906483022,	202269213,	401443543,	0,	0),
(2022907183746,	202286140,	401442014,	0,	0),
(2022907473497,	202269213,	401441998,	0,	0),
(2022908414684,	202270259,	401442011,	0,	0),
(2022909436339,	202270259,	401441993,	1,	0),
(2022926793416,	202269213,	401442000,	1,	0),
(2022929778698,	202207184,	401442009,	1,	0),
(2022932962305,	202260989,	401442039,	1,	0),
(2022934333646,	202250036,	401442040,	0,	0),
(2022937909157,	202201581,	401442040,	1,	0),
(2022938196620,	202207184,	401443543,	0,	0),
(2022938334498,	202257438,	401441999,	1,	0),
(2022939395836,	202257438,	401442042,	0,	0),
(2022940390354,	202280949,	401442012,	1,	0),
(2022946541455,	202201581,	401442036,	0,	0),
(2022948083766,	202270259,	401441999,	1,	0),
(2022951718654,	202250036,	401442037,	0,	0),
(2022958943966,	202207184,	401442032,	1,	0),
(2022962655458,	202269213,	401442035,	0,	0),
(2022962970197,	202283089,	401442014,	1,	0),
(2022964757376,	202286140,	401442030,	1,	0),
(2022966050093,	202280949,	401442018,	1,	0),
(2022966464782,	202201581,	401441998,	0,	0),
(2022966486464,	202207844,	401442037,	0,	0),
(2022966657954,	202270259,	401442014,	1,	0),
(2022968776683,	202269213,	401442042,	0,	0),
(2022969922162,	202269213,	401442006,	0,	0),
(2022970168712,	202260040,	401442001,	0,	0),
(2022970320069,	202207184,	401442006,	0,	0),
(2022971319909,	202280949,	401443543,	0,	0),
(2022972760992,	202257438,	401442009,	1,	0),
(2022974576960,	202283089,	401441999,	1,	0),
(2022976018329,	202260040,	401442019,	1,	0),
(2022977505861,	202260040,	401442018,	0,	0),
(2022982297295,	202201581,	401442008,	0,	0),
(2022985129492,	202260040,	401442011,	0,	0),
(2022987622278,	202260040,	401442015,	0,	0),
(2022988367839,	202274899,	401441995,	1,	0),
(2022989997979,	202207184,	401442012,	0,	0),
(2022990430622,	202283089,	401442006,	0,	0),
(2022990873039,	202201581,	401441996,	0,	0),
(2022993088175,	202260989,	401442013,	1,	0),
(2022998155916,	202233927,	401442041,	1,	0),
(2022999108997,	202260040,	401442036,	0,	0);

DROP TABLE IF EXISTS `players`;
CREATE TABLE `players` (
  `playerId` int NOT NULL,
  `name` varchar(255) CHARACTER SET utf8mb4 COLLATE utf8mb4_0900_ai_ci DEFAULT NULL,
  `points` int DEFAULT NULL,
  `year` int DEFAULT NULL,
  `version` int NOT NULL DEFAULT '0',
  PRIMARY KEY (`playerId`)
) ENGINE=InnoDB DEFAULT CHARSET=utf8mb4 COLLATE=utf8mb4_0900_ai_ci;

INSERT INTO `players` (`playerId`, `name`, `points`, `year`, `version`) VALUES
(202201581,	'HMR',	13,	2022,	3),
(202207184,	'HR',	18,	2022,	3),
(202207844,	'MAK',	21,	2022,	3),
(202233927,	'AJC',	20,	2022,	3),
(202250036,	'SRK',	15,	2022,	3),
(202257438,	'NK',	21,	2022,	3),
(202260040,	'JMK',	18,	2022,	3),
(202260989,	'CRK',	16,	2022,	3),
(202269213,	'MAX',	9,	2022,	3),
(202270259,	'KGK',	16,	2022,	3),
(202274899,	'MSK',	23,	2022,	3),
(202280949,	'bella',	20,	2022,	3),
(202283089,	'RSK',	19,	2022,	3),
(202286140,	'AJK',	14,	2022,	3);

DROP TABLE IF EXISTS `version`;
CREATE TABLE `version` (
  `year` int NOT NULL,
  `currentVersion` int NOT NULL DEFAULT '0',
  PRIMARY KEY (`year`)
) ENGINE=InnoDB DEFAULT CHARSET=utf8mb4 COLLATE=utf8mb4_0900_ai_ci;

INSERT INTO `version` (`year`, `currentVersion`) VALUES
(2022,	4);

-- 2023-10-06 01:31:42