-- Adminer 4.8.1 MySQL 8.1.0 dump

SET NAMES utf8;
SET time_zone = '+00:00';
SET foreign_key_checks = 0;
SET sql_mode = 'NO_AUTO_VALUE_ON_ZERO';

SET NAMES utf8mb4;

DROP DATABASE IF EXISTS `bowlpool`;
CREATE DATABASE `bowlpool` /*!40100 DEFAULT CHARACTER SET utf8mb4 COLLATE utf8mb4_0900_ai_ci */ /*!80016 DEFAULT ENCRYPTION='N' */;
USE `bowlpool`;

DROP TABLE IF EXISTS `bowlGames`;
CREATE TABLE `bowlGames` (
  `year` int NOT NULL,
  `gameId` int NOT NULL,
  `startTime` datetime DEFAULT NULL,
  `homeTeam` int DEFAULT NULL,
  `awayTeam` int DEFAULT NULL,
  `bowlName` varchar(255) CHARACTER SET utf8mb4 COLLATE utf8mb4_0900_ai_ci DEFAULT NULL,
  `version` int NOT NULL DEFAULT '1',
  PRIMARY KEY (`gameId`)
) ENGINE=InnoDB DEFAULT CHARSET=utf8mb4 COLLATE=utf8mb4_0900_ai_ci;

INSERT INTO `bowlGames` (`year`, `gameId`, `startTime`, `homeTeam`, `awayTeam`, `bowlName`, `version`) VALUES
(2022,	401441993,	'2022-12-16 16:30:00',	202216601,	202226159,	'Bahamas',	2),
(2022,	401441994,	'2022-12-16 20:00:00',	202234621,	202236326,	'Cure',	2),
(2022,	401441995,	'2022-12-17 16:00:00',	202254453,	202291712,	'Fenway',	2),
(2022,	401441996,	'2022-12-17 17:00:00',	202235725,	202213803,	'Celebration',	2),
(2022,	401441997,	'2022-12-18 00:30:00',	202212582,	202299736,	'New Mexico',	2),
(2022,	401441998,	'2022-12-27 17:00:00',	202228388,	202282519,	'Camellia Bowl',	2),
(2022,	401441999,	'2022-12-17 19:30:00',	202213864,	202241499,	'Las Vegas ',	2),
(2022,	401442000,	'2022-12-27 20:15:00',	202274068,	202235813,	'First Responder ',	2),
(2022,	401442001,	'2022-12-18 02:15:00',	202243077,	202260236,	'Frisco ',	2),
(2022,	401442002,	'2022-12-27 23:45:00',	202212146,	202247441,	'Birmingham ',	2),
(2022,	401442003,	'2022-12-19 19:30:00',	202243047,	202295819,	'Myrtle Beach ',	2),
(2022,	401442004,	'2022-12-20 20:30:00',	202225279,	202234983,	'Famous Idaho Potato ',	2),
(2022,	401442005,	'2022-12-28 03:15:00',	202289931,	202284410,	'Guaranteed Rate ',	2),
(2022,	401442006,	'2022-12-21 00:30:00',	202224069,	202225952,	'Boca Raton ',	2),
(2022,	401442007,	'2022-12-23 23:30:00',	202248559,	202204110,	'Gasparilla ',	2),
(2022,	401442008,	'2022-12-28 19:00:00',	202257910,	202231806,	'Military ',	2),
(2022,	401442009,	'2022-12-25 01:00:00',	202270195,	202284206,	'Hawai\'i ',	2),
(2022,	401442011,	'2023-01-02 17:00:00',	202235713,	202266636,	'ReliaQuest ',	2),
(2022,	401442012,	'2023-01-02 18:00:00',	202282945,	202225344,	'Citrus ',	2),
(2022,	401442013,	'2023-01-02 18:00:00',	202221849,	202234030,	'Cotton  Classic',	2),
(2022,	401442014,	'2023-01-02 22:00:00',	202279102,	202249184,	'Rose  Game',	2),
(2022,	401442015,	'2023-01-01 01:00:00',	202210389,	202248404,	'Peach  CFP Semi)',	2),
(2022,	401442016,	'2022-12-31 21:00:00',	202270529,	202291477,	'Fiesta  (CFP Semi)',	2),
(2022,	401442017,	'2022-12-31 17:00:00',	202280081,	202244854,	'Music City ',	2),
(2022,	401442018,	'2022-12-31 17:00:00',	202285513,	202235466,	'Sugar ',	2),
(2022,	401442019,	'2022-12-31 01:00:00',	202223967,	202233689,	'Orange ',	2),
(2022,	401442030,	'2022-12-28 22:30:00',	202200901,	202237455,	'Liberty ',	4),
(2022,	401442031,	'2022-12-29 02:00:00',	202270769,	202202351,	'Texas ',	4),
(2022,	401442032,	'2022-12-29 19:00:00',	202235842,	202233705,	'Pinstripe ',	2),
(2022,	401442033,	'2022-12-29 22:30:00',	202248552,	202291023,	'Cheez-It ',	2),
(2022,	401442034,	'2022-12-30 02:00:00',	202278420,	202273007,	'Alamo ',	2),
(2022,	401442035,	'2022-12-30 17:00:00',	202285572,	202269625,	'Duke\'s Mayo ',	2),
(2022,	401442036,	'2022-12-30 20:30:00',	202291803,	202204135,	'Gator ',	2),
(2022,	401442037,	'2022-12-26 19:30:00',	202216622,	202272545,	'Quick Lane ',	2),
(2022,	401442038,	'2022-12-17 20:30:00',	202254056,	202231652,	'LA ',	2),
(2022,	401442039,	'2022-12-22 02:00:00',	202283093,	202282867,	'New Orleans ',	2),
(2022,	401442040,	'2022-12-23 00:30:00',	202205949,	202279210,	'Armed Forces ',	2),
(2022,	401442041,	'2022-12-17 22:45:00',	202284607,	202282695,	'Lending Tree ',	2),
(2022,	401442042,	'2022-12-23 20:00:00',	202264095,	202242802,	'Independence ',	2),
(2022,	401443542,	'2022-12-30 19:00:00',	202231032,	202272555,	'Sun ',	2),
(2022,	401443543,	'2022-12-30 21:30:00',	202262647,	202237936,	'Arizona ',	2),
(2022,	401470891,	'2022-12-29 01:00:00',	202286820,	202284033,	'Holiday ',	2),
(2023,	401551469,	'2023-12-18 19:30:00',	295,	98,	'Famous Toastery Bowl',	1),
(2023,	401551731,	'2023-12-16 20:30:00',	2026,	193,	'Avocados From Mexico Cure Bowl',	1),
(2023,	401551732,	'2023-12-16 22:45:00',	278,	166,	'Isleta New Mexico Bowl',	1),
(2023,	401551733,	'2023-12-16 16:00:00',	195,	290,	'Myrtle Beach Bowl',	1),
(2023,	401551735,	'2023-12-20 02:00:00',	276,	2636,	'Scooter\'s Coffee Frisco Bowl',	1),
(2023,	401551737,	'2023-12-22 01:00:00',	183,	58,	'RoofClaim.com Boca Raton Bowl',	1),
(2023,	401551739,	'2023-12-23 17:00:00',	150,	2653,	'76 Birmingham Bowl',	1),
(2023,	401551741,	'2023-12-23 17:00:00',	2459,	2032,	'Camellia Bowl',	1),
(2023,	401551742,	'2023-12-23 20:30:00',	2005,	256,	'Lockheed Martin Armed Forces Bowl',	1),
(2023,	401551743,	'2023-12-23 20:30:00',	328,	2247,	'Famous Idaho Potato Bowl',	1),
(2023,	401551744,	'2023-12-24 00:30:00',	77,	254,	'SRS Distribution Las Vegas Bowl',	1),
(2023,	401551746,	'2023-12-24 03:30:00',	23,	324,	'EasyPost Hawai\'i Bowl',	1),
(2023,	401551748,	'2023-12-26 22:30:00',	242,	326,	'SERVPRO First Responder Bowl',	1),
(2023,	401551749,	'2023-12-28 02:00:00',	197,	245,	'TaxAct Texas Bowl',	1),
(2023,	401551750,	'2023-12-28 16:00:00',	103,	2567,	'Wasabi Fenway Bowl',	1),
(2023,	401551751,	'2023-12-16 19:15:00',	309,	55,	'R+L Carriers New Orleans Bowl',	1),
(2023,	401551752,	'2023-12-17 00:30:00',	68,	26,	'Starco Brands LA Bowl',	1),
(2023,	401551753,	'2023-12-17 02:15:00',	2641,	25,	'Radiance Technologies Independence Bowl',	1),
(2023,	401551754,	'2023-12-22 23:30:00',	2116,	59,	'Union Home Mortgage Gasparilla Bowl',	1),
(2023,	401551755,	'2023-12-24 00:00:00',	2199,	6,	'68 Ventures Bowl',	1),
(2023,	401551756,	'2023-12-26 19:00:00',	135,	189,	'Quick Lane Bowl',	1),
(2023,	401551757,	'2023-12-27 02:00:00',	2439,	2305,	'Guaranteed Rate Bowl',	1),
(2023,	401551758,	'2023-12-27 19:00:00',	2655,	259,	'Military Bowl Presented by GoBowling.com',	1),
(2023,	401551761,	'2023-12-27 22:30:00',	277,	153,	'Duke\'s Mayo Bowl',	1),
(2023,	401551762,	'2023-12-28 19:15:00',	2390,	164,	'Bad Boy Mowers Pinstripe Bowl',	1),
(2023,	401551764,	'2023-12-28 22:45:00',	2306,	152,	'Pop-Tarts Bowl',	1),
(2023,	401551765,	'2023-12-29 02:15:00',	201,	12,	'Valero Alamo Bowl',	1),
(2023,	401551766,	'2023-12-29 17:00:00',	96,	228,	'TaxSlayer Gator Bowl',	1),
(2023,	401551767,	'2023-12-29 20:30:00',	66,	235,	'AutoZone Liberty Bowl',	1),
(2023,	401551768,	'2023-12-30 01:00:00',	194,	142,	'Goodyear Cotton Bowl Classic',	1),
(2023,	401551769,	'2023-12-30 17:00:00',	213,	145,	'Chick-fil-A Peach Bowl',	1),
(2023,	401551770,	'2023-12-30 19:00:00',	120,	2,	'TransPerfect Music City Bowl',	1),
(2023,	401551773,	'2023-12-30 21:00:00',	52,	61,	'Capital One Orange Bowl',	1),
(2023,	401551778,	'2024-01-01 17:00:00',	99,	275,	'ReliaQuest Bowl',	1),
(2023,	401551780,	'2024-01-01 18:00:00',	2633,	2294,	'Cheez-It Citrus Bowl',	1),
(2023,	401551782,	'2024-01-01 18:00:00',	2483,	2335,	'Vrbo Fiesta Bowl',	1),
(2023,	401551786,	'2024-01-01 22:00:00',	130,	333,	'CFP Semifinal at the Rose Bowl Game Pres. by Prudential',	1),
(2023,	401551788,	'2024-01-02 01:45:00',	264,	251,	'CFP Semifinal at the Allstate Sugar Bowl',	1),
(2023,	401551798,	'2023-12-29 19:00:00',	87,	204,	'Tony the Tiger Sun Bowl',	1),
(2023,	401554566,	'2023-12-30 21:30:00',	2751,	2649,	'Barstool Sports Arizona Bowl',	1),
(2023,	401581109,	'2023-12-28 01:00:00',	30,	97,	'DIRECTV Holiday Bowl',	1)
ON DUPLICATE KEY UPDATE `year` = VALUES(`year`), `gameId` = VALUES(`gameId`), `startTime` = VALUES(`startTime`), `homeTeam` = VALUES(`homeTeam`), `awayTeam` = VALUES(`awayTeam`), `bowlName` = VALUES(`bowlName`), `version` = VALUES(`version`);

DROP TABLE IF EXISTS `bowlTeams`;
CREATE TABLE `bowlTeams` (
  `teamId` int NOT NULL,
  `bowlId` int NOT NULL,
  `year` varchar(4) CHARACTER SET utf8mb4 COLLATE utf8mb4_0900_ai_ci NOT NULL,
  `name` varchar(255) CHARACTER SET utf8mb4 COLLATE utf8mb4_0900_ai_ci DEFAULT NULL,
  `isHome` varchar(255) CHARACTER SET utf8mb4 COLLATE utf8mb4_0900_ai_ci DEFAULT NULL,
  `line` varchar(255) CHARACTER SET utf8mb4 COLLATE utf8mb4_0900_ai_ci DEFAULT NULL,
  `record` varchar(255) CHARACTER SET utf8mb4 COLLATE utf8mb4_0900_ai_ci DEFAULT NULL,
  `conference` varchar(255) CHARACTER SET utf8mb4 COLLATE utf8mb4_0900_ai_ci DEFAULT NULL,
  `firstQuarterScore` int DEFAULT '0',
  `secondQuarterScore` int DEFAULT '0',
  `thirdQuarterScore` int DEFAULT '0',
  `fourthQuarterScore` int DEFAULT '0',
  `score` int DEFAULT '0',
  `version` int NOT NULL DEFAULT '1',
  PRIMARY KEY (`teamId`,`bowlId`,`year`)
) ENGINE=InnoDB DEFAULT CHARSET=utf8mb4 COLLATE=utf8mb4_0900_ai_ci;

INSERT INTO `bowlTeams` (`teamId`, `bowlId`, `year`, `name`, `isHome`, `line`, `record`, `conference`, `firstQuarterScore`, `secondQuarterScore`, `thirdQuarterScore`, `fourthQuarterScore`, `score`, `version`) VALUES
(2,	401551770,	'2023',	'Auburn',	'0',	'-2.5',	'6-6',	'SEC',	0,	0,	0,	0,	0,	1),
(6,	401551755,	'2023',	'South Alabama',	'0',	'-16',	'6-6',	'Sun Belt',	0,	0,	0,	0,	0,	1),
(12,	401551765,	'2023',	'Arizona',	'0',	'-3',	'9-3',	'Pac-12',	0,	0,	0,	0,	0,	1),
(23,	401551746,	'2023',	'San José State',	'1',	'-9.5',	'7-5',	'Mountain West',	0,	0,	0,	0,	0,	1),
(25,	401551753,	'2023',	'California',	'0',	'0',	'6-7',	'Pac-12',	14,	0,	0,	0,	14,	2),
(26,	401551752,	'2023',	'UCLA',	'0',	'-2',	'8-5',	'Pac-12',	7,	0,	21,	7,	35,	2),
(30,	401581109,	'2023',	'USC',	'1',	'-8',	'7-5',	'Pac-12',	0,	0,	0,	0,	0,	1),
(52,	401551773,	'2023',	'Florida State',	'1',	'0',	'13-0',	'ACC',	0,	0,	0,	0,	0,	1),
(55,	401551751,	'2023',	'Jacksonville State',	'0',	'-3',	'9-4',	'Conference USA',	7,	7,	10,	7,	34,	2),
(58,	401551737,	'2023',	'South Florida',	'0',	'0',	'6-6',	'American Athletic',	0,	0,	0,	0,	0,	1),
(59,	401551754,	'2023',	'Georgia Tech',	'0',	'0',	'6-6',	'ACC',	0,	0,	0,	0,	0,	1),
(61,	401551773,	'2023',	'Georgia',	'0',	'-14',	'12-1',	'SEC',	0,	0,	0,	0,	0,	1),
(66,	401551767,	'2023',	'Iowa State',	'1',	'-8.5',	'7-5',	'Big 12',	0,	0,	0,	0,	0,	1),
(68,	401551752,	'2023',	'Boise State',	'1',	'0',	'8-6',	'Mountain West',	6,	10,	0,	6,	22,	2),
(77,	401551744,	'2023',	'Northwestern',	'1',	'0',	'7-5',	'Big Ten',	0,	0,	0,	0,	0,	1),
(87,	401551798,	'2023',	'Notre Dame',	'1',	'-8.5',	'9-3',	'FBS Independents',	0,	0,	0,	0,	0,	1),
(96,	401551766,	'2023',	'Kentucky',	'1',	'0',	'7-5',	'SEC',	0,	0,	0,	0,	0,	1),
(97,	401581109,	'2023',	'Louisville',	'0',	'0',	'10-3',	'ACC',	0,	0,	0,	0,	0,	1),
(98,	401551469,	'2023',	'Western Kentucky',	'0',	'0',	'7-5',	'Conference USA',	0,	0,	0,	0,	0,	1),
(99,	401551778,	'2023',	'LSU',	'1',	'-10.5',	'9-3',	'SEC',	0,	0,	0,	0,	0,	1),
(103,	401551750,	'2023',	'Boston College',	'1',	'0',	'6-6',	'ACC',	0,	0,	0,	0,	0,	1),
(120,	401551770,	'2023',	'Maryland',	'1',	'0',	'7-5',	'Big Ten',	0,	0,	0,	0,	0,	1),
(130,	401551786,	'2023',	'Michigan',	'1',	'-1.5',	'13-0',	'Big Ten',	0,	0,	0,	0,	0,	1),
(135,	401551756,	'2023',	'Minnesota',	'1',	'-4',	'5-7',	'Big Ten',	0,	0,	0,	0,	0,	1),
(142,	401551768,	'2023',	'Missouri',	'0',	'-2.5',	'10-2',	'SEC',	0,	0,	0,	0,	0,	1),
(145,	401551769,	'2023',	'Ole Miss',	'0',	'0',	'10-2',	'SEC',	0,	0,	0,	0,	0,	1),
(150,	401551739,	'2023',	'Duke',	'1',	'0',	'7-5',	'ACC',	0,	0,	0,	0,	0,	1),
(152,	401551764,	'2023',	'NC State',	'0',	'0',	'9-3',	'ACC',	0,	0,	0,	0,	0,	1),
(153,	401551761,	'2023',	'North Carolina',	'0',	'0',	'8-4',	'ACC',	0,	0,	0,	0,	0,	1),
(164,	401551762,	'2023',	'Rutgers',	'0',	'0',	'6-6',	'Big Ten',	0,	0,	0,	0,	0,	1),
(166,	401551732,	'2023',	'New Mexico State',	'0',	'-3.5',	'10-5',	'Conference USA',	0,	3,	7,	0,	10,	2),
(183,	401551737,	'2023',	'Syracuse',	'1',	'-3',	'6-6',	'ACC',	0,	0,	0,	0,	0,	1),
(189,	401551756,	'2023',	'Bowling Green',	'0',	'0',	'7-5',	'Mid-American',	0,	0,	0,	0,	0,	1),
(193,	401551731,	'2023',	'Miami (OH)',	'0',	'0',	'11-3',	'Mid-American',	3,	0,	6,	0,	9,	2),
(194,	401551768,	'2023',	'Ohio State',	'1',	'0',	'11-1',	'Big Ten',	0,	0,	0,	0,	0,	1),
(195,	401551733,	'2023',	'Ohio',	'1',	'0',	'10-3',	'Mid-American',	3,	17,	14,	7,	41,	2),
(197,	401551749,	'2023',	'Oklahoma State',	'1',	'0',	'9-4',	'Big 12',	0,	0,	0,	0,	0,	1),
(201,	401551765,	'2023',	'Oklahoma',	'1',	'0',	'10-2',	'Big 12',	0,	0,	0,	0,	0,	1),
(204,	401551798,	'2023',	'Oregon State',	'0',	'0',	'8-4',	'Pac-12',	0,	0,	0,	0,	0,	1),
(213,	401551769,	'2023',	'Penn State',	'1',	'-3.5',	'10-2',	'Big Ten',	0,	0,	0,	0,	0,	1),
(228,	401551766,	'2023',	'Clemson',	'0',	'-7',	'8-4',	'ACC',	0,	0,	0,	0,	0,	1),
(235,	401551767,	'2023',	'Memphis',	'0',	'0',	'9-3',	'American Athletic',	0,	0,	0,	0,	0,	1),
(242,	401551748,	'2023',	'Rice',	'1',	'0',	'6-6',	'American Athletic',	0,	0,	0,	0,	0,	1),
(245,	401551749,	'2023',	'Texas A&M',	'0',	'-3',	'7-5',	'SEC',	0,	0,	0,	0,	0,	1),
(251,	401551788,	'2023',	'Texas',	'0',	'0',	'12-1',	'Big 12',	0,	0,	0,	0,	0,	1),
(254,	401551744,	'2023',	'Utah',	'0',	'-7',	'8-4',	'Pac-12',	0,	0,	0,	0,	0,	1),
(256,	401551742,	'2023',	'James Madison',	'0',	'-3',	'11-1',	'Sun Belt',	0,	0,	0,	0,	0,	1),
(259,	401551758,	'2023',	'Virginia Tech',	'0',	'-7.5',	'6-6',	'ACC',	0,	0,	0,	0,	0,	1),
(264,	401551788,	'2023',	'Washington',	'1',	'-4',	'13-0',	'Pac-12',	0,	0,	0,	0,	0,	1),
(275,	401551778,	'2023',	'Wisconsin',	'0',	'0',	'7-5',	'Big Ten',	0,	0,	0,	0,	0,	1),
(276,	401551735,	'2023',	'Marshall',	'1',	'0',	'6-6',	'Sun Belt',	0,	0,	0,	0,	0,	1),
(277,	401551761,	'2023',	'West Virginia',	'1',	'-3',	'8-4',	'Big 12',	0,	0,	0,	0,	0,	1),
(278,	401551732,	'2023',	'Fresno State',	'1',	'0',	'9-4',	'Mountain West',	10,	7,	3,	17,	37,	2),
(290,	401551733,	'2023',	'Georgia Southern',	'0',	'-3.5',	'6-7',	'Sun Belt',	0,	0,	14,	7,	21,	2),
(295,	401551469,	'2023',	'Old Dominion',	'1',	'-2.5',	'6-6',	'Sun Belt',	0,	0,	0,	0,	0,	1),
(309,	401551751,	'2023',	'Louisiana',	'1',	'0',	'6-7',	'Sun Belt',	7,	7,	7,	10,	31,	2),
(324,	401551746,	'2023',	'Coastal Carolina',	'0',	'0',	'7-5',	'Sun Belt',	0,	0,	0,	0,	0,	1),
(326,	401551748,	'2023',	'Texas State',	'0',	'-4.5',	'7-5',	'Sun Belt',	0,	0,	0,	0,	0,	1),
(328,	401551743,	'2023',	'Utah State',	'1',	'-1',	'6-6',	'Mountain West',	0,	0,	0,	0,	0,	1),
(333,	401551786,	'2023',	'Alabama',	'0',	'0',	'12-1',	'SEC',	0,	0,	0,	0,	0,	1),
(2005,	401551742,	'2023',	'Air Force',	'1',	'0',	'8-4',	'Mountain West',	0,	0,	0,	0,	0,	1),
(2026,	401551731,	'2023',	'Appalachian State',	'1',	'-5.5',	'9-5',	'Sun Belt',	3,	3,	7,	0,	13,	2),
(2032,	401551741,	'2023',	'Arkansas State',	'0',	'0',	'6-6',	'Sun Belt',	0,	0,	0,	0,	0,	1),
(2116,	401551754,	'2023',	'UCF',	'1',	'-5',	'6-6',	'Big 12',	0,	0,	0,	0,	0,	1),
(2199,	401551755,	'2023',	'Eastern Michigan',	'1',	'0',	'6-6',	'Mid-American',	0,	0,	0,	0,	0,	1),
(2247,	401551743,	'2023',	'Georgia State',	'0',	'0',	'6-6',	'Sun Belt',	0,	0,	0,	0,	0,	1),
(2294,	401551780,	'2023',	'Iowa',	'0',	'0',	'10-3',	'Big Ten',	0,	0,	0,	0,	0,	1),
(2305,	401551757,	'2023',	'Kansas',	'0',	'-12.5',	'8-4',	'Big 12',	0,	0,	0,	0,	0,	1),
(2306,	401551764,	'2023',	'Kansas State',	'1',	'-3',	'8-4',	'Big 12',	0,	0,	0,	0,	0,	1),
(2335,	401551782,	'2023',	'Liberty',	'0',	'0',	'13-0',	'Conference USA',	0,	0,	0,	0,	0,	1),
(2390,	401551762,	'2023',	'Miami',	'1',	'-3.5',	'7-5',	'ACC',	0,	0,	0,	0,	0,	1),
(2439,	401551757,	'2023',	'UNLV',	'1',	'0',	'9-4',	'Mountain West',	0,	0,	0,	0,	0,	1),
(2459,	401551741,	'2023',	'Northern Illinois',	'1',	'-1',	'6-6',	'Mid-American',	0,	0,	0,	0,	0,	1),
(2483,	401551782,	'2023',	'Oregon',	'1',	'-16',	'11-2',	'Pac-12',	0,	0,	0,	0,	0,	1),
(2567,	401551750,	'2023',	'SMU',	'0',	'-11',	'11-2',	'American Athletic',	0,	0,	0,	0,	0,	1),
(2633,	401551780,	'2023',	'Tennessee',	'1',	'-8.5',	'8-4',	'SEC',	0,	0,	0,	0,	0,	1),
(2636,	401551735,	'2023',	'UT San Antonio',	'0',	'-10',	'8-4',	'American Athletic',	0,	0,	0,	0,	0,	1),
(2641,	401551753,	'2023',	'Texas Tech',	'1',	'-3',	'7-6',	'Big 12',	7,	17,	7,	3,	34,	2),
(2649,	401554566,	'2023',	'Toledo',	'0',	'0',	'11-2',	'Mid-American',	0,	0,	0,	0,	0,	1),
(2653,	401551739,	'2023',	'Troy',	'0',	'-7.5',	'11-2',	'Sun Belt',	0,	0,	0,	0,	0,	1),
(2655,	401551758,	'2023',	'Tulane',	'1',	'0',	'11-2',	'American Athletic',	0,	0,	0,	0,	0,	1),
(2751,	401554566,	'2023',	'Wyoming',	'1',	'-3',	'8-4',	'Mountain West',	0,	0,	0,	0,	0,	1),
(202200901,	401442030,	'2022',	'Arkansas',	'1',	'-4.5',	'6 - 6',	'SEC',	24,	7,	7,	0,	55,	4),
(202202351,	401442031,	'2022',	'Texas Tech',	'0',	'',	'7 - 5',	'Big 12',	10,	16,	0,	16,	42,	4),
(202204110,	401442007,	'2022',	'Wake Forest',	'0',	'-1.5',	'7 - 5',	'ACC',	7,	7,	6,	7,	27,	2),
(202204135,	401442036,	'2022',	'Notre Dame (21)',	'0',	'-4.5',	'8 - 4',	'FBS Independents',	7,	10,	14,	14,	45,	2),
(202205949,	401442040,	'2022',	'Air Force',	'1',	'',	'9 - 3',	'Mountain West',	9,	0,	14,	7,	30,	2),
(202210389,	401442015,	'2022',	'Georgia (1)',	'1',	'-6.5',	'13 - 0',	'SEC',	7,	17,	0,	18,	42,	2),
(202212146,	401442002,	'2022',	'East Carolina',	'1',	'-7.5',	'7 - 5',	'American Athletic',	10,	14,	14,	15,	53,	2),
(202212582,	401441997,	'2022',	'BYU',	'1',	'',	'7 - 5',	'FBS Independents',	7,	3,	14,	0,	24,	2),
(202213803,	401441996,	'2022',	'Jackson State',	'0',	'-12.0',	'12 - 0',	'SWAC',	7,	14,	0,	13,	34,	2),
(202213864,	401441999,	'2022',	'Oregon State (14)',	'1',	'-7.5',	'9 - 3',	'Pac-12',	7,	3,	13,	7,	30,	2),
(202216601,	401441993,	'2022',	'UAB',	'1',	'-11.5',	'6 - 6',	'Conference USA',	10,	0,	0,	14,	24,	2),
(202216622,	401442037,	'2022',	'Bowling Green',	'1',	'',	'6 - 6',	'Mid-American',	0,	0,	7,	12,	19,	2),
(202221849,	401442013,	'2022',	'USC (10)',	'1',	'',	'11 - 2',	'Pac-12',	7,	21,	7,	10,	45,	2),
(202223967,	401442019,	'2022',	'Clemson (7)',	'1',	'-4.5',	'11 - 2',	'ACC',	0,	3,	3,	8,	14,	2),
(202224069,	401442006,	'2022',	'Toledo',	'1',	'-1.5',	'8 - 5',	'Mid-American',	0,	3,	10,	8,	21,	2),
(202225279,	401442004,	'2022',	'San Jose State',	'1',	'-4.5',	'7 - 4',	'Mountain West',	13,	0,	7,	7,	27,	2),
(202225344,	401442012,	'2022',	'LSU (17)',	'0',	'-6.5',	'9 - 4',	'SEC',	14,	21,	14,	14,	63,	2),
(202225952,	401442006,	'2022',	'Liberty',	'0',	'',	'8 - 4',	'FBS Independents',	7,	0,	0,	12,	19,	2),
(202226159,	401441993,	'2022',	'Miami (Ohio)',	'0',	'',	'6 - 6',	'Mid-American',	0,	6,	7,	7,	20,	2),
(202228388,	401441998,	'2022',	'Buffalo',	'1',	'',	'6 - 6',	'Mid-American',	0,	14,	6,	3,	23,	2),
(202231032,	401443542,	'2022',	'UCLA (18)',	'1',	'-3.5',	'9 - 3',	'Pac-12',	7,	14,	7,	7,	35,	2),
(202231652,	401442038,	'2022',	'Washingto State',	'0',	'-4.0',	'7 - 5',	'Pac-12',	0,	0,	6,	0,	6,	2),
(202231806,	401442008,	'2022',	'UCF',	'0',	'-3.5',	'9 - 4',	'American Athletic',	7,	0,	0,	6,	13,	2),
(202233689,	401442019,	'2022',	'Tennessee (6)',	'0',	'',	'10 - 2',	'SEC',	7,	7,	7,	10,	31,	2),
(202233705,	401442032,	'2022',	'Syracuse',	'0',	'',	'7 - 5',	'ACC',	0,	7,	6,	7,	20,	2),
(202234030,	401442013,	'2022',	'Tulane (16)',	'0',	'-1.5',	'11 - 2',	'American Athletic',	0,	14,	16,	16,	46,	2),
(202234621,	401441994,	'2022',	'Troy (24)',	'1',	'-2.5',	'11 - 2',	'Sun Belt',	0,	7,	8,	3,	18,	2),
(202234983,	401442004,	'2022',	'Eastern Michigan',	'0',	'',	'8 - 4',	'Mid-American',	9,	21,	11,	0,	41,	2),
(202235466,	401442018,	'2022',	'Alabama (5)',	'0',	'-4.5',	'10 - 2',	'SEC',	7,	14,	21,	3,	45,	2),
(202235713,	401442011,	'2022',	'Illinois',	'1',	'',	'8 - 4 ',	'Big Ten',	0,	7,	3,	0,	10,	2),
(202235725,	401441996,	'2022',	'N. C. Central',	'1',	'',	'9 - 2',	'MEAC',	10,	7,	9,	8,	41,	2),
(202235813,	401442000,	'2022',	'Memphis',	'0',	'-10.5',	'6 - 6',	'American Athletic',	3,	21,	0,	14,	38,	2),
(202235842,	401442032,	'2022',	'Minnesota',	'1',	'-6.5',	'8 - 4',	'Big Ten',	0,	14,	14,	0,	28,	2),
(202236326,	401441994,	'2022',	'UTSA (25)',	'0',	'',	'11 - 2',	'Conference USA',	2,	10,	0,	0,	12,	2),
(202237455,	401442030,	'2022',	'Kansas',	'0',	'',	'6 - 6',	'Big 12',	7,	6,	7,	18,	53,	2),
(202237936,	401443543,	'2022',	'Ohio ',	'0',	'-2.5',	'9 - 4',	'Mid-American',	8,	3,	7,	6,	30,	2),
(202241499,	401441999,	'2022',	'Florida',	'0',	'',	'6 - 6',	'SEC',	0,	0,	0,	3,	3,	2),
(202242802,	401442042,	'2022',	'Louisiana',	'0',	'',	'6 - 6',	'Sun Belt',	7,	9,	0,	0,	16,	2),
(202243047,	401442003,	'2022',	'Uconn',	'1',	'',	'6 - 6',	'FBS Independents',	0,	0,	14,	0,	14,	2),
(202243077,	401442001,	'2022',	'Boise State',	'1',	'-7.5',	'9 - 4',	'Mountain West',	0,	6,	22,	7,	35,	2),
(202244854,	401442017,	'2022',	'Iowa',	'0',	'',	'7 - 5',	'Big Ten',	0,	21,	0,	0,	21,	2),
(202247441,	401442002,	'2022',	'Coastal Carolina',	'0',	'',	'9 - 3',	'Sun Belt',	0,	14,	7,	8,	29,	2),
(202248404,	401442015,	'2022',	'Ohio State (4)',	'0',	'',	'11 - 1',	'Big Ten',	7,	21,	10,	3,	41,	2),
(202248552,	401442033,	'2022',	'Florida State (13)',	'1',	'-7.5',	'9 - 3',	'ACC',	3,	8,	7,	17,	35,	2),
(202248559,	401442007,	'2022',	'Missouri',	'1',	'',	'6 - 6',	'SEC',	3,	7,	7,	0,	17,	2),
(202249184,	401442014,	'2022',	'Penn State (11)',	'0',	'-1.5',	'10 - 2',	'Big Ten',	7,	7,	7,	14,	35,	2),
(202254056,	401442038,	'2022',	'Fresno State',	'1',	'',	'9 - 4',	'Mountain West',	7,	9,	6,	7,	29,	2),
(202254453,	401441995,	'2022',	'Louisville',	'1',	'',	'7 - 5',	'ACC',	7,	14,	3,	0,	24,	2),
(202257910,	401442008,	'2022',	'Duke',	'1',	'',	'8 - 4',	'ACC',	7,	13,	3,	7,	30,	2),
(202260236,	401442001,	'2022',	'North Texas',	'0',	'',	'7 - 6',	'Conference USA',	3,	7,	14,	8,	32,	2),
(202262647,	401443543,	'2022',	'Wyoming',	'1',	'',	'7 - 5',	'Mountain West',	14,	3,	0,	7,	27,	2),
(202264095,	401442042,	'2022',	'Houston',	'1',	'-3.5',	'7 - 5',	'American Athletic',	0,	6,	7,	10,	23,	2),
(202266636,	401442011,	'2022',	'Mississippi State (22)',	'0',	'-1.5',	'8 - 4',	'SEC',	0,	3,	0,	16,	19,	2),
(202269625,	401442035,	'2022',	'Maryland',	'0',	'-2.5',	'7 - 5',	'Big Ten',	3,	7,	3,	3,	16,	2),
(202270195,	401442009,	'2022',	'San Diego State',	'1',	'-1.5',	'7 - 5',	'Mountain West',	14,	0,	3,	6,	23,	2),
(202270529,	401442016,	'2022',	'Michigan (2)',	'1',	'-9.5',	'13 - 0',	'Big Ten',	0,	6,	24,	15,	45,	2),
(202270769,	401442031,	'2022',	'Ole Miss',	'1',	'-3.0',	'8 - 4',	'SEC',	7,	0,	6,	12,	25,	2),
(202272545,	401442037,	'2022',	'New Mexico State',	'0',	'-1.5',	'6 - 6',	'FBS Independents',	7,	7,	10,	0,	24,	2),
(202272555,	401443542,	'2022',	'Pitt',	'0',	'',	'',	'ACC',	6,	8,	7,	16,	37,	2),
(202273007,	401442034,	'2022',	'Texas (20)',	'0',	'-3.5',	'8 - 4',	'Big 12',	3,	0,	7,	10,	20,	2),
(202274068,	401442000,	'2022',	'Utah State',	'1',	'',	'6 - 6',	'Mountain West',	0,	3,	0,	7,	10,	2),
(202278420,	401442034,	'2022',	'Washington (12)',	'1',	'',	'10 - 2',	'Pac-12',	10,	3,	7,	7,	27,	2),
(202279102,	401442014,	'2022',	'Utah (8)',	'1',	'',	'10 - 3',	'Pac-12',	0,	14,	0,	7,	21,	2),
(202279210,	401442040,	'2022',	'Baylor',	'0',	'-6.5',	'6 - 6',	'Big 12',	0,	7,	0,	8,	15,	2),
(202280081,	401442017,	'2022',	'Kentucky',	'1',	'-3.5',	'7 - 5',	'SEC',	0,	0,	0,	0,	0,	2),
(202282519,	401441998,	'2022',	'Georgia Southern',	'0',	'-4.5',	'6 - 6',	'Sun Belt',	0,	6,	8,	7,	21,	2),
(202282695,	401442041,	'2022',	'Rice',	'0',	'',	'5 - 7',	'Conference USA',	0,	3,	21,	0,	24,	2),
(202282867,	401442039,	'2022',	'Western Kentucky',	'0',	'',	'8 - 5',	'Conference USA',	14,	17,	10,	3,	44,	2),
(202282945,	401442012,	'2022',	'Purdue',	'1',	'',	'8 - 5',	'Big Ten',	0,	0,	0,	7,	7,	2),
(202283093,	401442039,	'2022',	'South Alabama',	'1',	'-2.5',	'10 - 2',	'Sun Belt',	0,	3,	14,	6,	23,	2),
(202284033,	401470891,	'2022',	'Oregon (15)',	'0',	'-9.5',	'9 - 3',	'Pac-12',	7,	7,	0,	14,	28,	2),
(202284206,	401442009,	'2022',	'Middle Tennesse State',	'0',	'',	'7 - 5',	'Conference USA',	0,	13,	3,	9,	25,	2),
(202284410,	401442005,	'2022',	'Wisconsin',	'0',	'-2.5',	'6 - 6',	'Big Ten',	3,	14,	7,	0,	24,	2),
(202284607,	401442041,	'2022',	'Southern Miss',	'1',	'-5.5',	'6 - 6',	'Sun Belt',	7,	10,	7,	14,	38,	2),
(202285513,	401442018,	'2022',	'Kansas State (9)',	'1',	'',	'10 - 3',	'Big 12',	10,	0,	3,	7,	20,	2),
(202285572,	401442035,	'2022',	'NC State (23)',	'1',	'',	'8 - 4',	'ACC',	3,	6,	0,	3,	12,	2),
(202286820,	401470891,	'2022',	'North Carolina',	'1',	'',	'9 - 4',	'ACC',	7,	14,	0,	6,	27,	2),
(202289931,	401442005,	'2022',	'Oklahoma State',	'1',	'',	'7 - 5',	'Big 12',	7,	0,	0,	10,	17,	2),
(202291023,	401442033,	'2022',	'Oklahoma',	'0',	'',	'6 - 6',	'Big 12',	7,	10,	0,	15,	32,	2),
(202291477,	401442016,	'2022',	'TCU (3)',	'0',	'',	'12 - 1',	'Big 12',	14,	7,	20,	10,	51,	2),
(202291712,	401441995,	'2022',	'Cincinnati',	'0',	'-1.5',	'9 - 3',	'American Athletic',	0,	7,	0,	0,	7,	2),
(202291803,	401442036,	'2022',	'South Carolina (19)',	'1',	'',	'8 - 4',	'SEC',	21,	3,	7,	7,	38,	2),
(202295819,	401442003,	'2022',	'Marshall',	'0',	'-9.5',	'8 - 4',	'Sun Belt',	14,	7,	7,	0,	28,	2),
(202299736,	401441997,	'2022',	'SMU',	'0',	'-2.5',	'7 - 5',	'American Athletic',	10,	0,	0,	13,	23,	2)
ON DUPLICATE KEY UPDATE `teamId` = VALUES(`teamId`), `bowlId` = VALUES(`bowlId`), `year` = VALUES(`year`), `name` = VALUES(`name`), `isHome` = VALUES(`isHome`), `line` = VALUES(`line`), `record` = VALUES(`record`), `conference` = VALUES(`conference`), `firstQuarterScore` = VALUES(`firstQuarterScore`), `secondQuarterScore` = VALUES(`secondQuarterScore`), `thirdQuarterScore` = VALUES(`thirdQuarterScore`), `fourthQuarterScore` = VALUES(`fourthQuarterScore`), `score` = VALUES(`score`), `version` = VALUES(`version`);

DROP TABLE IF EXISTS `playerPicks`;
CREATE TABLE `playerPicks` (
  `year` int NOT NULL,
  `player` varchar(255) NOT NULL,
  `gameId` int NOT NULL,
  `teamId` int DEFAULT NULL,
  `version` int NOT NULL DEFAULT '1'
) ENGINE=InnoDB DEFAULT CHARSET=utf8mb4 COLLATE=utf8mb4_0900_ai_ci;

INSERT INTO `playerPicks` (`year`, `player`, `gameId`, `teamId`, `version`) VALUES
(2023,	'CRK',	401551733,	195,	1),
(2023,	'HR',	401551733,	195,	1),
(2023,	'HMR',	401551733,	195,	1),
(2023,	'SRK',	401551733,	195,	1),
(2023,	'AC',	401551733,	195,	1),
(2023,	'NDK',	401551733,	195,	1),
(2023,	'JMK',	401551733,	195,	1),
(2023,	'Ken',	401551733,	195,	1),
(2023,	'RSK',	401551733,	195,	1),
(2023,	'MKC',	401551733,	195,	1),
(2023,	'AJK',	401551733,	290,	1),
(2023,	'msk',	401551733,	290,	1),
(2023,	'CRK',	401551751,	309,	1),
(2023,	'JMK',	401551751,	309,	1),
(2023,	'RSK',	401551751,	309,	1),
(2023,	'MKC',	401551751,	309,	1),
(2023,	'HR',	401551751,	55,	1),
(2023,	'HMR',	401551751,	55,	1),
(2023,	'AJK',	401551751,	55,	1),
(2023,	'SRK',	401551751,	55,	1),
(2023,	'AC',	401551751,	55,	1),
(2023,	'NDK',	401551751,	55,	1),
(2023,	'msk',	401551751,	55,	1),
(2023,	'Ken',	401551751,	55,	1),
(2023,	'CRK',	401551731,	2026,	1),
(2023,	'AJK',	401551731,	2026,	1),
(2023,	'Ken',	401551731,	2026,	1),
(2023,	'RSK',	401551731,	2026,	1),
(2023,	'HR',	401551731,	193,	1),
(2023,	'HMR',	401551731,	193,	1),
(2023,	'SRK',	401551731,	193,	1),
(2023,	'AC',	401551731,	193,	1),
(2023,	'NDK',	401551731,	193,	1),
(2023,	'JMK',	401551731,	193,	1),
(2023,	'msk',	401551731,	193,	1),
(2023,	'MKC',	401551731,	193,	1),
(2023,	'SRK',	401551732,	278,	1),
(2023,	'JMK',	401551732,	278,	1),
(2023,	'msk',	401551732,	278,	1),
(2023,	'MKC',	401551732,	278,	1),
(2023,	'CRK',	401551732,	166,	1),
(2023,	'HR',	401551732,	166,	1),
(2023,	'HMR',	401551732,	166,	1),
(2023,	'AJK',	401551732,	166,	1),
(2023,	'AC',	401551732,	166,	1),
(2023,	'NDK',	401551732,	166,	1),
(2023,	'Ken',	401551732,	166,	1),
(2023,	'RSK',	401551732,	166,	1),
(2023,	'HR',	401551752,	68,	1),
(2023,	'HMR',	401551752,	68,	1),
(2023,	'AJK',	401551752,	68,	1),
(2023,	'AC',	401551752,	68,	1),
(2023,	'CRK',	401551752,	26,	1),
(2023,	'SRK',	401551752,	26,	1),
(2023,	'NDK',	401551752,	26,	1),
(2023,	'JMK',	401551752,	26,	1),
(2023,	'msk',	401551752,	26,	1),
(2023,	'Ken',	401551752,	26,	1),
(2023,	'RSK',	401551752,	26,	1),
(2023,	'MKC',	401551752,	26,	1),
(2023,	'AJK',	401551753,	2641,	1),
(2023,	'AC',	401551753,	2641,	1),
(2023,	'NDK',	401551753,	2641,	1),
(2023,	'Ken',	401551753,	2641,	1),
(2023,	'CRK',	401551753,	25,	1),
(2023,	'HR',	401551753,	25,	1),
(2023,	'HMR',	401551753,	25,	1),
(2023,	'SRK',	401551753,	25,	1),
(2023,	'JMK',	401551753,	25,	1),
(2023,	'msk',	401551753,	25,	1),
(2023,	'RSK',	401551753,	25,	1),
(2023,	'MKC',	401551753,	25,	1),
(2023,	'HR',	401551469,	295,	1),
(2023,	'AJK',	401551469,	295,	1),
(2023,	'AC',	401551469,	295,	1),
(2023,	'NDK',	401551469,	295,	1),
(2023,	'msk',	401551469,	295,	1),
(2023,	'Ken',	401551469,	295,	1),
(2023,	'RSK',	401551469,	295,	1),
(2023,	'CRK',	401551469,	98,	1),
(2023,	'HMR',	401551469,	98,	1),
(2023,	'SRK',	401551469,	98,	1),
(2023,	'JMK',	401551469,	98,	1),
(2023,	'MKC',	401551469,	98,	1),
(2023,	'CRK',	401551735,	276,	1),
(2023,	'SRK',	401551735,	276,	1),
(2023,	'JMK',	401551735,	276,	1),
(2023,	'msk',	401551735,	276,	1),
(2023,	'HR',	401551735,	2636,	1),
(2023,	'HMR',	401551735,	2636,	1),
(2023,	'AJK',	401551735,	2636,	1),
(2023,	'AC',	401551735,	2636,	1),
(2023,	'NDK',	401551735,	2636,	1),
(2023,	'Ken',	401551735,	2636,	1),
(2023,	'RSK',	401551735,	2636,	1),
(2023,	'MKC',	401551735,	2636,	1),
(2023,	'CRK',	401551737,	183,	1),
(2023,	'HR',	401551737,	183,	1),
(2023,	'AJK',	401551737,	183,	1),
(2023,	'AC',	401551737,	183,	1),
(2023,	'NDK',	401551737,	183,	1),
(2023,	'msk',	401551737,	183,	1),
(2023,	'MKC',	401551737,	183,	1),
(2023,	'HMR',	401551737,	58,	1),
(2023,	'SRK',	401551737,	58,	1),
(2023,	'JMK',	401551737,	58,	1),
(2023,	'Ken',	401551737,	58,	1),
(2023,	'RSK',	401551737,	58,	1),
(2023,	'CRK',	401551754,	2116,	1),
(2023,	'HR',	401551754,	2116,	1),
(2023,	'AJK',	401551754,	2116,	1),
(2023,	'Ken',	401551754,	2116,	1),
(2023,	'RSK',	401551754,	2116,	1),
(2023,	'MKC',	401551754,	2116,	1),
(2023,	'HMR',	401551754,	59,	1),
(2023,	'SRK',	401551754,	59,	1),
(2023,	'AC',	401551754,	59,	1),
(2023,	'NDK',	401551754,	59,	1),
(2023,	'JMK',	401551754,	59,	1),
(2023,	'msk',	401551754,	59,	1),
(2023,	'SRK',	401551741,	2459,	1),
(2023,	'msk',	401551741,	2459,	1),
(2023,	'MKC',	401551741,	2459,	1),
(2023,	'CRK',	401551741,	2032,	1),
(2023,	'HR',	401551741,	2032,	1),
(2023,	'HMR',	401551741,	2032,	1),
(2023,	'AJK',	401551741,	2032,	1),
(2023,	'AC',	401551741,	2032,	1),
(2023,	'NDK',	401551741,	2032,	1),
(2023,	'JMK',	401551741,	2032,	1),
(2023,	'Ken',	401551741,	2032,	1),
(2023,	'RSK',	401551741,	2032,	1),
(2023,	'CRK',	401551739,	150,	1),
(2023,	'HR',	401551739,	150,	1),
(2023,	'SRK',	401551739,	150,	1),
(2023,	'NDK',	401551739,	150,	1),
(2023,	'MKC',	401551739,	150,	1),
(2023,	'HMR',	401551739,	2653,	1),
(2023,	'AJK',	401551739,	2653,	1),
(2023,	'AC',	401551739,	2653,	1),
(2023,	'JMK',	401551739,	2653,	1),
(2023,	'msk',	401551739,	2653,	1),
(2023,	'Ken',	401551739,	2653,	1),
(2023,	'RSK',	401551739,	2653,	1),
(2023,	'CRK',	401551742,	2005,	1),
(2023,	'HR',	401551742,	2005,	1),
(2023,	'AC',	401551742,	2005,	1),
(2023,	'NDK',	401551742,	2005,	1),
(2023,	'RSK',	401551742,	2005,	1),
(2023,	'HMR',	401551742,	256,	1),
(2023,	'AJK',	401551742,	256,	1),
(2023,	'SRK',	401551742,	256,	1),
(2023,	'JMK',	401551742,	256,	1),
(2023,	'msk',	401551742,	256,	1),
(2023,	'Ken',	401551742,	256,	1),
(2023,	'MKC',	401551742,	256,	1),
(2023,	'CRK',	401551743,	328,	1),
(2023,	'HR',	401551743,	328,	1),
(2023,	'HMR',	401551743,	328,	1),
(2023,	'AJK',	401551743,	328,	1),
(2023,	'AC',	401551743,	328,	1),
(2023,	'JMK',	401551743,	328,	1),
(2023,	'msk',	401551743,	328,	1),
(2023,	'Ken',	401551743,	328,	1),
(2023,	'MKC',	401551743,	328,	1),
(2023,	'SRK',	401551743,	2247,	1),
(2023,	'NDK',	401551743,	2247,	1),
(2023,	'RSK',	401551743,	2247,	1),
(2023,	'HR',	401551755,	2199,	1),
(2023,	'HMR',	401551755,	2199,	1),
(2023,	'AJK',	401551755,	2199,	1),
(2023,	'SRK',	401551755,	2199,	1),
(2023,	'NDK',	401551755,	2199,	1),
(2023,	'msk',	401551755,	2199,	1),
(2023,	'MKC',	401551755,	2199,	1),
(2023,	'CRK',	401551755,	6,	1),
(2023,	'AC',	401551755,	6,	1),
(2023,	'JMK',	401551755,	6,	1),
(2023,	'Ken',	401551755,	6,	1),
(2023,	'RSK',	401551755,	6,	1),
(2023,	'AJK',	401551744,	77,	1),
(2023,	'SRK',	401551744,	77,	1),
(2023,	'NDK',	401551744,	77,	1),
(2023,	'JMK',	401551744,	77,	1),
(2023,	'Ken',	401551744,	77,	1),
(2023,	'MKC',	401551744,	77,	1),
(2023,	'CRK',	401551744,	254,	1),
(2023,	'HR',	401551744,	254,	1),
(2023,	'HMR',	401551744,	254,	1),
(2023,	'AC',	401551744,	254,	1),
(2023,	'msk',	401551744,	254,	1),
(2023,	'RSK',	401551744,	254,	1),
(2023,	'CRK',	401551746,	23,	1),
(2023,	'HR',	401551746,	23,	1),
(2023,	'HMR',	401551746,	23,	1),
(2023,	'AJK',	401551746,	23,	1),
(2023,	'SRK',	401551746,	23,	1),
(2023,	'NDK',	401551746,	23,	1),
(2023,	'msk',	401551746,	23,	1),
(2023,	'Ken',	401551746,	23,	1),
(2023,	'RSK',	401551746,	23,	1),
(2023,	'MKC',	401551746,	23,	1),
(2023,	'AC',	401551746,	324,	1),
(2023,	'JMK',	401551746,	324,	1),
(2023,	'HR',	401551756,	135,	1),
(2023,	'AJK',	401551756,	135,	1),
(2023,	'SRK',	401551756,	135,	1),
(2023,	'NDK',	401551756,	135,	1),
(2023,	'JMK',	401551756,	135,	1),
(2023,	'msk',	401551756,	135,	1),
(2023,	'RSK',	401551756,	135,	1),
(2023,	'MKC',	401551756,	135,	1),
(2023,	'CRK',	401551756,	189,	1),
(2023,	'HMR',	401551756,	189,	1),
(2023,	'AC',	401551756,	189,	1),
(2023,	'Ken',	401551756,	189,	1),
(2023,	'CRK',	401551748,	242,	1),
(2023,	'AJK',	401551748,	242,	1),
(2023,	'msk',	401551748,	242,	1),
(2023,	'RSK',	401551748,	242,	1),
(2023,	'MKC',	401551748,	242,	1),
(2023,	'HR',	401551748,	326,	1),
(2023,	'HMR',	401551748,	326,	1),
(2023,	'SRK',	401551748,	326,	1),
(2023,	'AC',	401551748,	326,	1),
(2023,	'NDK',	401551748,	326,	1),
(2023,	'JMK',	401551748,	326,	1),
(2023,	'Ken',	401551748,	326,	1),
(2023,	'HMR',	401551757,	2439,	1),
(2023,	'AC',	401551757,	2439,	1),
(2023,	'msk',	401551757,	2439,	1),
(2023,	'Ken',	401551757,	2439,	1),
(2023,	'CRK',	401551757,	2305,	1),
(2023,	'HR',	401551757,	2305,	1),
(2023,	'AJK',	401551757,	2305,	1),
(2023,	'SRK',	401551757,	2305,	1),
(2023,	'NDK',	401551757,	2305,	1),
(2023,	'JMK',	401551757,	2305,	1),
(2023,	'Ken',	401551757,	2305,	1),
(2023,	'RSK',	401551757,	2305,	1),
(2023,	'MKC',	401551757,	2305,	1),
(2023,	'CRK',	401551758,	2655,	1),
(2023,	'HMR',	401551758,	2655,	1),
(2023,	'AJK',	401551758,	2655,	1),
(2023,	'SRK',	401551758,	2655,	1),
(2023,	'AC',	401551758,	2655,	1),
(2023,	'NDK',	401551758,	2655,	1),
(2023,	'msk',	401551758,	2655,	1),
(2023,	'RSK',	401551758,	2655,	1),
(2023,	'MKC',	401551758,	2655,	1),
(2023,	'HR',	401551758,	259,	1),
(2023,	'JMK',	401551758,	259,	1),
(2023,	'msk',	401551758,	259,	1),
(2023,	'Ken',	401551758,	259,	1),
(2023,	'HR',	401551761,	277,	1),
(2023,	'NDK',	401551761,	277,	1),
(2023,	'Ken',	401551761,	277,	1),
(2023,	'CRK',	401551761,	153,	1),
(2023,	'HMR',	401551761,	153,	1),
(2023,	'AJK',	401551761,	153,	1),
(2023,	'SRK',	401551761,	153,	1),
(2023,	'AC',	401551761,	153,	1),
(2023,	'JMK',	401551761,	153,	1),
(2023,	'msk',	401551761,	153,	1),
(2023,	'RSK',	401551761,	153,	1),
(2023,	'MKC',	401551761,	153,	1),
(2023,	'CRK',	401581109,	30,	1),
(2023,	'HR',	401581109,	30,	1),
(2023,	'MKC',	401581109,	30,	1),
(2023,	'HMR',	401581109,	97,	1),
(2023,	'AJK',	401581109,	97,	1),
(2023,	'SRK',	401581109,	97,	1),
(2023,	'AC',	401581109,	97,	1),
(2023,	'NDK',	401581109,	97,	1),
(2023,	'JMK',	401581109,	97,	1),
(2023,	'msk',	401581109,	97,	1),
(2023,	'Ken',	401581109,	97,	1),
(2023,	'RSK',	401581109,	97,	1),
(2023,	'HR',	401551749,	197,	1),
(2023,	'HMR',	401551749,	197,	1),
(2023,	'SRK',	401551749,	197,	1),
(2023,	'AC',	401551749,	197,	1),
(2023,	'NDK',	401551749,	197,	1),
(2023,	'JMK',	401551749,	197,	1),
(2023,	'msk',	401551749,	197,	1),
(2023,	'Ken',	401551749,	197,	1),
(2023,	'RSK',	401551749,	197,	1),
(2023,	'CRK',	401551749,	245,	1),
(2023,	'AJK',	401551749,	245,	1),
(2023,	'MKC',	401551749,	245,	1),
(2023,	'CRK',	401551750,	2567,	1),
(2023,	'HR',	401551750,	2567,	1),
(2023,	'HMR',	401551750,	2567,	1),
(2023,	'AJK',	401551750,	2567,	1),
(2023,	'SRK',	401551750,	2567,	1),
(2023,	'AC',	401551750,	2567,	1),
(2023,	'NDK',	401551750,	2567,	1),
(2023,	'JMK',	401551750,	2567,	1),
(2023,	'msk',	401551750,	2567,	1),
(2023,	'Ken',	401551750,	2567,	1),
(2023,	'RSK',	401551750,	2567,	1),
(2023,	'MKC',	401551750,	2567,	1),
(2023,	'HR',	401551762,	2390,	1),
(2023,	'HMR',	401551762,	2390,	1),
(2023,	'SRK',	401551762,	2390,	1),
(2023,	'NDK',	401551762,	2390,	1),
(2023,	'JMK',	401551762,	2390,	1),
(2023,	'RSK',	401551762,	2390,	1),
(2023,	'MKC',	401551762,	2390,	1),
(2023,	'CRK',	401551762,	164,	1),
(2023,	'AJK',	401551762,	164,	1),
(2023,	'AC',	401551762,	164,	1),
(2023,	'msk',	401551762,	164,	1),
(2023,	'Ken',	401551762,	164,	1),
(2023,	'HR',	401551764,	2306,	1),
(2023,	'NDK',	401551764,	2306,	1),
(2023,	'JMK',	401551764,	2306,	1),
(2023,	'msk',	401551764,	2306,	1),
(2023,	'RSK',	401551764,	2306,	1),
(2023,	'MKC',	401551764,	2306,	1),
(2023,	'CRK',	401551764,	152,	1),
(2023,	'HMR',	401551764,	152,	1),
(2023,	'AJK',	401551764,	152,	1),
(2023,	'SRK',	401551764,	152,	1),
(2023,	'AC',	401551764,	152,	1),
(2023,	'Ken',	401551764,	152,	1),
(2023,	'HR',	401551765,	201,	1),
(2023,	'HMR',	401551765,	201,	1),
(2023,	'SRK',	401551765,	201,	1),
(2023,	'AC',	401551765,	201,	1),
(2023,	'NDK',	401551765,	201,	1),
(2023,	'JMK',	401551765,	201,	1),
(2023,	'Ken',	401551765,	201,	1),
(2023,	'RSK',	401551765,	201,	1),
(2023,	'CRK',	401551765,	12,	1),
(2023,	'AJK',	401551765,	12,	1),
(2023,	'msk',	401551765,	12,	1),
(2023,	'Ken',	401551765,	12,	1),
(2023,	'MKC',	401551765,	12,	1),
(2023,	'AJK',	401551766,	96,	1),
(2023,	'NDK',	401551766,	96,	1),
(2023,	'JMK',	401551766,	96,	1),
(2023,	'MKC',	401551766,	96,	1),
(2023,	'CRK',	401551766,	228,	1),
(2023,	'HR',	401551766,	228,	1),
(2023,	'HMR',	401551766,	228,	1),
(2023,	'SRK',	401551766,	228,	1),
(2023,	'AC',	401551766,	228,	1),
(2023,	'msk',	401551766,	228,	1),
(2023,	'Ken',	401551766,	228,	1),
(2023,	'RSK',	401551766,	228,	1),
(2023,	'HR',	401551798,	87,	1),
(2023,	'HMR',	401551798,	87,	1),
(2023,	'AJK',	401551798,	87,	1),
(2023,	'AC',	401551798,	87,	1),
(2023,	'NDK',	401551798,	87,	1),
(2023,	'JMK',	401551798,	87,	1),
(2023,	'CRK',	401551798,	204,	1),
(2023,	'SRK',	401551798,	204,	1),
(2023,	'msk',	401551798,	204,	1),
(2023,	'Ken',	401551798,	204,	1),
(2023,	'RSK',	401551798,	204,	1),
(2023,	'MKC',	401551798,	204,	1),
(2023,	'HR',	401551767,	66,	1),
(2023,	'NDK',	401551767,	66,	1),
(2023,	'msk',	401551767,	66,	1),
(2023,	'CRK',	401551767,	235,	1),
(2023,	'HMR',	401551767,	235,	1),
(2023,	'AJK',	401551767,	235,	1),
(2023,	'SRK',	401551767,	235,	1),
(2023,	'AC',	401551767,	235,	1),
(2023,	'JMK',	401551767,	235,	1),
(2023,	'Ken',	401551767,	235,	1),
(2023,	'RSK',	401551767,	235,	1),
(2023,	'MKC',	401551767,	235,	1),
(2023,	'CRK',	401551768,	194,	1),
(2023,	'HR',	401551768,	194,	1),
(2023,	'HMR',	401551768,	194,	1),
(2023,	'AC',	401551768,	194,	1),
(2023,	'NDK',	401551768,	194,	1),
(2023,	'JMK',	401551768,	194,	1),
(2023,	'msk',	401551768,	194,	1),
(2023,	'MKC',	401551768,	194,	1),
(2023,	'AJK',	401551768,	142,	1),
(2023,	'SRK',	401551768,	142,	1),
(2023,	'Ken',	401551768,	142,	1),
(2023,	'RSK',	401551768,	142,	1),
(2023,	'HR',	401551769,	213,	1),
(2023,	'HMR',	401551769,	213,	1),
(2023,	'SRK',	401551769,	213,	1),
(2023,	'NDK',	401551769,	213,	1),
(2023,	'JMK',	401551769,	213,	1),
(2023,	'msk',	401551769,	213,	1),
(2023,	'Ken',	401551769,	213,	1),
(2023,	'CRK',	401551769,	145,	1),
(2023,	'AJK',	401551769,	145,	1),
(2023,	'AC',	401551769,	145,	1),
(2023,	'RSK',	401551769,	145,	1),
(2023,	'MKC',	401551769,	145,	1),
(2023,	'AJK',	401551770,	120,	1),
(2023,	'AC',	401551770,	120,	1),
(2023,	'MKC',	401551770,	120,	1),
(2023,	'CRK',	401551770,	2,	1),
(2023,	'HR',	401551770,	2,	1),
(2023,	'HMR',	401551770,	2,	1),
(2023,	'SRK',	401551770,	2,	1),
(2023,	'NDK',	401551770,	2,	1),
(2023,	'JMK',	401551770,	2,	1),
(2023,	'msk',	401551770,	2,	1),
(2023,	'Ken',	401551770,	2,	1),
(2023,	'RSK',	401551770,	2,	1),
(2023,	'HR',	401551773,	52,	1),
(2023,	'HMR',	401551773,	52,	1),
(2023,	'AC',	401551773,	52,	1),
(2023,	'JMK',	401551773,	52,	1),
(2023,	'RSK',	401551773,	52,	1),
(2023,	'CRK',	401551773,	61,	1),
(2023,	'AJK',	401551773,	61,	1),
(2023,	'SRK',	401551773,	61,	1),
(2023,	'NDK',	401551773,	61,	1),
(2023,	'msk',	401551773,	61,	1),
(2023,	'Ken',	401551773,	61,	1),
(2023,	'MKC',	401551773,	61,	1),
(2023,	'HR',	401554566,	2751,	1),
(2023,	'NDK',	401554566,	2751,	1),
(2023,	'JMK',	401554566,	2751,	1),
(2023,	'msk',	401554566,	2751,	1),
(2023,	'CRK',	401554566,	2649,	1),
(2023,	'HMR',	401554566,	2649,	1),
(2023,	'AJK',	401554566,	2649,	1),
(2023,	'SRK',	401554566,	2649,	1),
(2023,	'AC',	401554566,	2649,	1),
(2023,	'Ken',	401554566,	2649,	1),
(2023,	'RSK',	401554566,	2649,	1),
(2023,	'MKC',	401554566,	2649,	1),
(2023,	'CRK',	401551778,	99,	1),
(2023,	'HR',	401551778,	99,	1),
(2023,	'HMR',	401551778,	99,	1),
(2023,	'SRK',	401551778,	99,	1),
(2023,	'AC',	401551778,	99,	1),
(2023,	'Ken',	401551778,	99,	1),
(2023,	'RSK',	401551778,	99,	1),
(2023,	'MKC',	401551778,	99,	1),
(2023,	'AJK',	401551778,	275,	1),
(2023,	'NDK',	401551778,	275,	1),
(2023,	'JMK',	401551778,	275,	1),
(2023,	'msk',	401551778,	275,	1),
(2023,	'CRK',	401551782,	2483,	1),
(2023,	'HR',	401551782,	2483,	1),
(2023,	'AJK',	401551782,	2483,	1),
(2023,	'SRK',	401551782,	2483,	1),
(2023,	'NDK',	401551782,	2483,	1),
(2023,	'JMK',	401551782,	2483,	1),
(2023,	'msk',	401551782,	2483,	1),
(2023,	'Ken',	401551782,	2483,	1),
(2023,	'RSK',	401551782,	2483,	1),
(2023,	'MKC',	401551782,	2483,	1),
(2023,	'HMR',	401551782,	2335,	1),
(2023,	'AC',	401551782,	2335,	1),
(2023,	'CRK',	401551780,	2633,	1),
(2023,	'AJK',	401551780,	2633,	1),
(2023,	'SRK',	401551780,	2633,	1),
(2023,	'NDK',	401551780,	2633,	1),
(2023,	'JMK',	401551780,	2633,	1),
(2023,	'msk',	401551780,	2633,	1),
(2023,	'HR',	401551780,	2294,	1),
(2023,	'HMR',	401551780,	2294,	1),
(2023,	'AC',	401551780,	2294,	1),
(2023,	'Ken',	401551780,	2294,	1),
(2023,	'RSK',	401551780,	2294,	1),
(2023,	'MKC',	401551780,	2294,	1),
(2023,	'CRK',	401551786,	130,	1),
(2023,	'HMR',	401551786,	130,	1),
(2023,	'SRK',	401551786,	130,	1),
(2023,	'AC',	401551786,	130,	1),
(2023,	'NDK',	401551786,	130,	1),
(2023,	'msk',	401551786,	130,	1),
(2023,	'Ken',	401551786,	130,	1),
(2023,	'RSK',	401551786,	130,	1),
(2023,	'MKC',	401551786,	130,	1),
(2023,	'HR',	401551786,	333,	1),
(2023,	'AJK',	401551786,	333,	1),
(2023,	'JMK',	401551786,	333,	1),
(2023,	'msk',	401551786,	333,	1),
(2023,	'CRK',	401551788,	251,	1),
(2023,	'HR',	401551788,	251,	1),
(2023,	'HMR',	401551788,	251,	1),
(2023,	'AJK',	401551788,	251,	1),
(2023,	'SRK',	401551788,	251,	1),
(2023,	'AC',	401551788,	251,	1),
(2023,	'msk',	401551788,	251,	1),
(2023,	'Ken',	401551788,	251,	1),
(2023,	'MKC',	401551788,	251,	1),
(2023,	'NDK',	401551788,	264,	1),
(2023,	'JMK',	401551788,	264,	1),
(2023,	'RSK',	401551788,	264,	1)
ON DUPLICATE KEY UPDATE `year` = VALUES(`year`), `player` = VALUES(`player`), `gameId` = VALUES(`gameId`), `teamId` = VALUES(`teamId`), `version` = VALUES(`version`);

DROP TABLE IF EXISTS `players`;
CREATE TABLE `players` (
  `playerId` int NOT NULL,
  `name` varchar(255) CHARACTER SET utf8mb4 COLLATE utf8mb4_0900_ai_ci NOT NULL,
  `points` int DEFAULT NULL,
  `year` int NOT NULL,
  `version` int NOT NULL DEFAULT '0',
  PRIMARY KEY (`name`,`year`)
) ENGINE=InnoDB DEFAULT CHARSET=utf8mb4 COLLATE=utf8mb4_0900_ai_ci;

INSERT INTO `players` (`playerId`, `name`, `points`, `year`, `version`) VALUES
(202365908,	'AC',	4,	2023,	5),
(202233927,	'AJC',	20,	2022,	3),
(202286140,	'AJK',	14,	2022,	3),
(202303677,	'AJK',	2,	2023,	5),
(202280949,	'bella',	20,	2022,	3),
(202260989,	'CRK',	16,	2022,	3),
(202368476,	'CRK',	3,	2023,	4),
(202201581,	'HMR',	13,	2022,	3),
(202375802,	'HMR',	3,	2023,	5),
(202207184,	'HR',	18,	2022,	3),
(202326189,	'HR',	3,	2023,	5),
(202260040,	'JMK',	18,	2022,	3),
(202374611,	'JMK',	5,	2023,	4),
(202394422,	'Ken',	4,	2023,	5),
(202270259,	'KGK',	16,	2022,	3),
(202207844,	'MAK',	21,	2022,	3),
(202269213,	'MAX',	9,	2022,	3),
(202369893,	'MKC',	5,	2023,	4),
(202274899,	'MSK',	23,	2022,	3),
(202308575,	'msk',	4,	2023,	5),
(202361798,	'NDK',	5,	2023,	5),
(202257438,	'NK',	21,	2022,	3),
(202283089,	'RSK',	19,	2022,	3),
(202379039,	'RSK',	3,	2023,	4),
(202250036,	'SRK',	15,	2022,	3),
(202333785,	'SRK',	5,	2023,	5)
ON DUPLICATE KEY UPDATE `playerId` = VALUES(`playerId`), `name` = VALUES(`name`), `points` = VALUES(`points`), `year` = VALUES(`year`), `version` = VALUES(`version`);

DROP TABLE IF EXISTS `version`;
CREATE TABLE `version` (
  `year` int NOT NULL,
  `currentVersion` int NOT NULL DEFAULT '1',
  PRIMARY KEY (`year`)
) ENGINE=InnoDB DEFAULT CHARSET=utf8mb4 COLLATE=utf8mb4_0900_ai_ci;

INSERT INTO `version` (`year`, `currentVersion`) VALUES
(2022,	4),
(2023,	5)
ON DUPLICATE KEY UPDATE `year` = VALUES(`year`), `currentVersion` = VALUES(`currentVersion`);

-- 2023-12-17 22:37:41