-- MySQL dump 10.13  Distrib 8.0.31, for macos12.6 (arm64)
--
-- Host: localhost    Database: bowlpool
-- ------------------------------------------------------
-- Server version	8.0.31

/*!40101 SET @OLD_CHARACTER_SET_CLIENT=@@CHARACTER_SET_CLIENT */;
/*!40101 SET @OLD_CHARACTER_SET_RESULTS=@@CHARACTER_SET_RESULTS */;
/*!40101 SET @OLD_COLLATION_CONNECTION=@@COLLATION_CONNECTION */;
/*!50503 SET NAMES utf8mb4 */;
/*!40103 SET @OLD_TIME_ZONE=@@TIME_ZONE */;
/*!40103 SET TIME_ZONE='+00:00' */;
/*!40014 SET @OLD_UNIQUE_CHECKS=@@UNIQUE_CHECKS, UNIQUE_CHECKS=0 */;
/*!40014 SET @OLD_FOREIGN_KEY_CHECKS=@@FOREIGN_KEY_CHECKS, FOREIGN_KEY_CHECKS=0 */;
/*!40101 SET @OLD_SQL_MODE=@@SQL_MODE, SQL_MODE='NO_AUTO_VALUE_ON_ZERO' */;
/*!40111 SET @OLD_SQL_NOTES=@@SQL_NOTES, SQL_NOTES=0 */;

--
-- Table structure for table `bowlGames`
--
USE bowlpool;
DROP TABLE IF EXISTS `bowlGames`;
/*!40101 SET @saved_cs_client     = @@character_set_client */;
/*!50503 SET character_set_client = utf8mb4 */;
CREATE TABLE `bowlGames` (
  `gameId` int NOT NULL,
  `startTime` datetime DEFAULT NULL,
  `homeTeam` int DEFAULT NULL,
  `awayTeam` int DEFAULT NULL,
  `bowlName` varchar(255) DEFAULT NULL,
  PRIMARY KEY (`gameId`)
) ENGINE=InnoDB DEFAULT CHARSET=utf8mb4 COLLATE=utf8mb4_0900_ai_ci;
/*!40101 SET character_set_client = @saved_cs_client */;

--
-- Dumping data for table `bowlGames`
--

LOCK TABLES `bowlGames` WRITE;
/*!40000 ALTER TABLE `bowlGames` DISABLE KEYS */;
INSERT INTO `bowlGames` VALUES (401032053,NULL,201847067,201884645,'Celebration'),(401032054,NULL,201836754,201848455,'New Mexico'),(401032055,NULL,201894290,201816532,'Las Vegas'),(401032056,NULL,201803163,201886789,'Camelia'),(401032057,NULL,201888278,201808110,'New Orleans'),(401032058,NULL,201895780,201887572,'Boca Raton'),(401032059,NULL,201839927,201845027,'Frisco'),(401032060,NULL,201854592,201837691,'Gasparilla'),(401032061,NULL,201838777,201853380,'Bahamas'),(401032062,NULL,201841905,201853299,'Idaho Potato'),(401032063,NULL,201805635,201893165,'Birmingham'),(401032064,NULL,201814543,201891316,'Armed Forces'),(401032065,NULL,201819042,201889981,'Dollar General'),(401032066,NULL,201822386,201835126,'Hawai\'i'),(401032068,NULL,201856829,201801662,'Quick Lane'),(401032069,NULL,201844708,201849058,'Cheez-It'),(401032070,NULL,201898981,201800726,'Independence'),(401032071,NULL,201806036,201816185,'Pinstripe'),(401032072,NULL,201855082,201867701,'Texas'),(401032073,NULL,201872577,201837157,'Music City'),(401032074,NULL,201821992,201806880,'Camping World'),(401032075,NULL,201847778,201846482,'Alamo'),(401032076,NULL,201866962,201833060,'Peach'),(401032077,NULL,201859073,201802842,'Belk'),(401032078,NULL,201838931,201832756,'Orange -Playoff'),(401032079,NULL,201845961,201859616,'Cotton - Playoff'),(401032080,NULL,201874954,201822782,'Military'),(401032081,NULL,201848025,201804977,'Liberty'),(401032082,NULL,201805449,201820116,'Gator'),(401032083,NULL,201802532,201879863,'Outback'),(401032084,NULL,201895580,201868987,'Fiesta'),(401032085,NULL,201841172,201814469,'Rose'),(401032086,NULL,201871164,201853973,'Sugar'),(401032088,NULL,201856536,201870137,'Citrus'),(401035250,NULL,201836011,201866043,'Holiday'),(401035251,NULL,201809192,201806093,'Sun'),(401035252,NULL,201854799,201834600,'Arizona'),(401035253,NULL,201862552,201888600,'Cure'),(401035254,NULL,201811371,201893751,'Redbox'),(401135260,NULL,201939227,201974450,'Bahamas'),(401135261,NULL,201990897,201979239,'Frisco'),(401135263,NULL,201973472,201916306,'New Mexico'),(401135264,NULL,201953799,201920701,'Boca Raton'),(401135265,NULL,201964034,201967119,'Camellia'),(401135266,NULL,201945418,201929347,'Las Vegas'),(401135267,NULL,201918933,201985419,'New Orleans'),(401135268,NULL,201956352,201918292,'Gasparilla'),(401135269,NULL,201994615,201906992,'Hawai\'i'),(401135270,NULL,201987398,201926676,'Independence'),(401135271,NULL,201959781,201966274,'Quick Lane'),(401135272,NULL,201937450,201906235,'Military'),(401135273,NULL,201978198,201944475,'Pinstripe'),(401135274,NULL,201901023,201975067,'Texas'),(401135275,NULL,201999317,201965507,'Cheez-It'),(401135276,NULL,201962392,201998728,'Camping World'),(401135277,NULL,201956892,201921114,'Cotton'),(401135278,NULL,201998293,201931444,'Peach - Playoff'),(401135279,NULL,201912137,201962083,'Fiesta -  Playoff'),(401135280,NULL,201916464,201961108,'First Responder'),(401135281,NULL,201997902,201943515,'Music city'),(401135282,NULL,201998816,201982813,'Orange'),(401135283,NULL,201945303,201967042,'Belk'),(401135284,NULL,201993718,201951117,'Liberty'),(401135285,NULL,201942893,201979771,'Alamo'),(401135286,NULL,201926853,201948997,'Citrus'),(401135287,NULL,201948203,201964642,'Outback'),(401135288,NULL,201995754,201952240,'Rose'),(401135289,NULL,201983747,201987016,'Sugar'),(401135290,NULL,201970523,201912047,'Birmingham'),(401135291,NULL,201947108,201952716,'Gator'),(401135292,NULL,201912230,201983802,'Fam. Idaho Potato'),(401135293,NULL,201999918,201947904,'Armed Forces'),(401135294,NULL,201955279,201958312,'Lending Tree'),(401136253,NULL,201948011,201988410,'Holiday'),(401136254,NULL,201935962,201901147,'Redbox'),(401136255,NULL,201948045,201935263,'Sun'),(401147693,NULL,201926626,201910014,'Cure'),(401147695,NULL,201956093,201919304,'Arizona'),(401188315,NULL,201909911,201903963,'Celebration'),(401331164,NULL,202158912,202127779,'Bahamas'),(401331165,NULL,202154137,202189008,'Cure'),(401331166,NULL,202162898,202108300,'Boca Raton'),(401331167,NULL,202145608,202143711,'New Mexico'),(401331168,NULL,202163848,202181935,'Independence'),(401331169,NULL,202137865,202110061,'LendingTree'),(401331170,NULL,202151684,202125027,'Jimmy Kimmel LA'),(401331171,NULL,202104715,202106757,'New Orleans'),(401331172,NULL,202146649,202161388,'Myrtle Beach'),(401331213,NULL,202169053,202116092,'Fam. Idaho Potato'),(401331214,NULL,202137621,202130485,'Frisco'),(401331215,NULL,202120465,202164486,'Armed Forces'),(401331216,NULL,202133842,202135711,'Gasparilla'),(401331218,NULL,202181500,202109446,'Camellia'),(401331219,NULL,202138555,202125937,'Quick Lane'),(401331221,NULL,202136795,202164803,'Birmingham'),(401331222,NULL,202190816,202114835,'First Responder'),(401331223,NULL,202161060,202106603,'Liberty'),(401331224,NULL,202175627,202108968,'Guaranteed Rate'),(401331226,NULL,202124019,202148127,'Pinstripe'),(401331227,NULL,202156911,202116311,'Cheez-It'),(401331228,NULL,202191833,202178042,'Alamo'),(401331229,NULL,202191306,202137222,'Mayo'),(401331230,NULL,202180471,202124512,'Music City'),(401331231,NULL,202187720,202165986,'Peach'),(401331232,NULL,202129154,202150320,'Las Vegas'),(401331233,NULL,202142928,202159774,'Gator'),(401331234,NULL,202193600,202137286,'Orange'),(401331235,NULL,202116320,202132903,'Cotton'),(401331236,NULL,202174957,202190120,'Outback'),(401331237,NULL,202133831,202138712,'Citrus'),(401331238,NULL,202138075,202166814,'Fiesta'),(401331239,NULL,202199392,202186026,'Rose Bowl'),(401331240,NULL,202133106,202161610,'Sugar'),(401331241,NULL,202107220,202177126,'Texas'),(401331654,NULL,202127503,202136732,'Sun'),(401391158,NULL,202142960,202199713,'Frisco Fball. Classic'),(401441993,NULL,202203697,202285349,'Bahamas'),(401441994,NULL,202206808,202250589,'Cure'),(401441995,NULL,202208968,202242199,'Fenway'),(401441996,NULL,202205963,202299751,'Celebration'),(401441997,NULL,202204110,202238609,'New Mexico'),(401441998,NULL,202216116,202280449,'Camellia Bowl'),(401441999,NULL,202298136,202206712,'Las Vegas '),(401442000,NULL,202212865,202266431,'First Responder '),(401442001,NULL,202249408,202267731,'Frisco '),(401442002,NULL,202204119,202256167,'Birmingham '),(401442003,NULL,202253118,202298552,'Myrtle Beach '),(401442004,NULL,202287324,202256888,'Famous Idaho Potato '),(401442005,NULL,202239745,202204284,'Guaranteed Rate '),(401442006,NULL,202282294,202213839,'Boca Raton '),(401442007,NULL,202203762,202284340,'Gasparilla '),(401442008,NULL,202209599,202216534,'Military '),(401442009,NULL,202222010,202260085,'Hawai\'i '),(401442011,NULL,202277163,202213636,'ReliaQuest '),(401442012,NULL,202201727,202286497,'Citrus '),(401442013,NULL,202211392,202286234,'Cotton  Classic'),(401442014,NULL,202214228,202276342,'Rose  Game'),(401442015,NULL,202295847,202282497,'Peach  CFP Semi)'),(401442016,NULL,202204337,202235271,'Fiesta  (CFP Semi)'),(401442017,NULL,202239926,202277485,'Music City '),(401442018,NULL,202220571,202277195,'Sugar '),(401442019,NULL,202293878,202298612,'Orange '),(401442030,NULL,202248146,202231594,'Liberty '),(401442031,NULL,202216417,202280487,'Texas '),(401442032,NULL,202255559,202243089,'Pinstripe '),(401442033,NULL,202271134,202266387,'Cheez-It '),(401442034,NULL,202272574,202244896,'Alamo '),(401442035,NULL,202217886,202258300,'Duke\'s Mayo '),(401442036,NULL,202289167,202226282,'Gator '),(401442037,NULL,202224154,202263345,'Quick Lane '),(401442038,NULL,202212047,202221617,'LA '),(401442039,NULL,202208816,202231505,'New Orleans '),(401442040,NULL,202256696,202213998,'Armed Forces '),(401442041,NULL,202214764,202291096,'Lending Tree '),(401442042,NULL,202283276,202205298,'Independence '),(401443542,NULL,202236616,202281013,'Sun '),(401443543,NULL,202252580,202252245,'Arizona '),(401470891,NULL,202252421,202216250,'Holiday ');
/*!40000 ALTER TABLE `bowlGames` ENABLE KEYS */;
UNLOCK TABLES;

--
-- Table structure for table `bowlTeams`
--

DROP TABLE IF EXISTS `bowlTeams`;
/*!40101 SET @saved_cs_client     = @@character_set_client */;
/*!50503 SET character_set_client = utf8mb4 */;
CREATE TABLE `bowlTeams` (
  `teamId` int NOT NULL,
  `bowlId` int DEFAULT NULL,
  `year` varchar(4) DEFAULT NULL,
  `name` varchar(255) DEFAULT NULL,
  `isHome` varchar(255) DEFAULT NULL,
  `line` varchar(255) DEFAULT NULL,
  `record` varchar(255) DEFAULT NULL,
  `conference` varchar(255) DEFAULT NULL,
  `firstQuarterScore` int DEFAULT NULL,
  `secondQuarterScore` int DEFAULT NULL,
  `thirdQuarterScore` int DEFAULT NULL,
  `fourthQuarterScore` int DEFAULT NULL,
  `score` int DEFAULT NULL,
  PRIMARY KEY (`teamId`)
) ENGINE=InnoDB DEFAULT CHARSET=utf8mb4 COLLATE=utf8mb4_0900_ai_ci;
/*!40101 SET character_set_client = @saved_cs_client */;

--
-- Dumping data for table `bowlTeams`
--

LOCK TABLES `bowlTeams` WRITE;
/*!40000 ALTER TABLE `bowlTeams` DISABLE KEYS */;
INSERT INTO `bowlTeams` VALUES (201800726,401032070,'2018','Temple','0','','8-4',NULL,NULL,NULL,NULL,NULL,NULL),(201801662,401032068,'2018','Minnesota','0','+3.5','6-6',NULL,NULL,NULL,NULL,NULL,NULL),(201802532,401032083,'2018','Iowa','1','+6','8-4',NULL,NULL,NULL,NULL,NULL,NULL),(201802842,401032077,'2018','South Calolina','0','','7-5',NULL,NULL,NULL,NULL,NULL,NULL),(201803163,401032056,'2018','Eastern Michigan','1','+1','7-5',NULL,NULL,NULL,NULL,NULL,NULL),(201804977,401032081,'2018','Missouri','0','','8-4',NULL,NULL,NULL,NULL,NULL,NULL),(201805449,401032082,'2018','TeXas A&M','1','','8-4',NULL,NULL,NULL,NULL,NULL,NULL),(201805635,401032063,'2018','Wake Forest','1','+5','6-6',NULL,NULL,NULL,NULL,NULL,NULL),(201806036,401032071,'2018','Wisconsin','1','+3.5','7-5',NULL,NULL,NULL,NULL,NULL,NULL),(201806093,401035251,'2018','Stanford','0','','8-4',NULL,NULL,NULL,NULL,NULL,NULL),(201806880,401032074,'2018','West Virginia','0','','8-3',NULL,NULL,NULL,NULL,NULL,NULL),(201808110,401032057,'2018','Middle Tennessee ','0','+7','8-5',NULL,NULL,NULL,NULL,NULL,NULL),(201809192,401035251,'2018','Pitt','1','+6.5','7-6',NULL,NULL,NULL,NULL,NULL,NULL),(201811371,401035254,'2018','Oregon','1','','8-4',NULL,NULL,NULL,NULL,NULL,NULL),(201814469,401032085,'2018','Washington','0','+6.5','10-3',NULL,NULL,NULL,NULL,NULL,NULL),(201814543,401032064,'2018','Army','1','','9-2',NULL,NULL,NULL,NULL,NULL,NULL),(201816185,401032071,'2018','Miami','0','','7-5',NULL,NULL,NULL,NULL,NULL,NULL),(201816532,401032055,'2018','Arizona State','0','+4.5','7-5',NULL,NULL,NULL,NULL,NULL,NULL),(201819042,401032065,'2018','Troy','1','+2.5','9-3',NULL,NULL,NULL,NULL,NULL,NULL),(201820116,401032082,'2018','NC State','0','+4.5','9-3',NULL,NULL,NULL,NULL,NULL,NULL),(201821992,401032074,'2018','Syracuse','1','+7','9-3',NULL,NULL,NULL,NULL,NULL,NULL),(201822386,401032066,'2018','Lousiana Tech','1','+1','7-5',NULL,NULL,NULL,NULL,NULL,NULL),(201822782,401032080,'2018','Cincinnati','0','','10-2',NULL,NULL,NULL,NULL,NULL,NULL),(201832756,401032078,'2018','Oklahoma','0','+14','12-1',NULL,NULL,NULL,NULL,NULL,NULL),(201833060,401032076,'2018','Florida','0','+7.5','9-3',NULL,NULL,NULL,NULL,NULL,NULL),(201834600,401035252,'2018','Arkansas State','0','','8-4',NULL,NULL,NULL,NULL,NULL,NULL),(201835126,401032066,'2018','Hawai\'i','0','','8-5',NULL,NULL,NULL,NULL,NULL,NULL),(201836011,401035250,'2018','Utah','1','','9-4',NULL,NULL,NULL,NULL,NULL,NULL),(201836754,401032054,'2018','North TeXas','1','+9','9-3',NULL,NULL,NULL,NULL,NULL,NULL),(201837157,401032073,'2018','Purdue','0','+4','6-6',NULL,NULL,NULL,NULL,NULL,NULL),(201837691,401032060,'2018','Marshall','0','','8-4',NULL,NULL,NULL,NULL,NULL,NULL),(201838777,401032061,'2018','Toledo','1','','7-5',NULL,NULL,NULL,NULL,NULL,NULL),(201838931,401032078,'2018','Alabama','1','','13-0',NULL,NULL,NULL,NULL,NULL,NULL),(201839927,401032059,'2018','Ohio','1','','8-4',NULL,NULL,NULL,NULL,NULL,NULL),(201841172,401032085,'2018','Ohio State','1','','12-1',NULL,NULL,NULL,NULL,NULL,NULL),(201841905,401032062,'2018','BYU','1','','6-6',NULL,NULL,NULL,NULL,NULL,NULL),(201844708,401032069,'2018','TCU','1','','6-6',NULL,NULL,NULL,NULL,NULL,NULL),(201845027,401032059,'2018','San Diego State','0','+3','7-5',NULL,NULL,NULL,NULL,NULL,NULL),(201845961,401032079,'2018','Clemson','1','','13-0',NULL,NULL,NULL,NULL,NULL,NULL),(201846482,401032075,'2018','Iowa State','0','+3.5','8-4',NULL,NULL,NULL,NULL,NULL,NULL),(201847067,401032053,'2018','Alcorn State','1','+7.5','9-3',NULL,NULL,NULL,NULL,NULL,NULL),(201847778,401032075,'2018','Washington State','1','','10-2',NULL,NULL,NULL,NULL,NULL,NULL),(201848025,401032081,'2018','Oklahoma State','1','+7.5','6-6',NULL,NULL,NULL,NULL,NULL,NULL),(201848455,401032054,'2018','Utah State','0','','10-2',NULL,NULL,NULL,NULL,NULL,NULL),(201849058,401032069,'2018','Cal','0','','7-5',NULL,NULL,NULL,NULL,NULL,NULL),(201853299,401032062,'2018','Western Michigan','0','+12','7-5',NULL,NULL,NULL,NULL,NULL,NULL),(201853380,401032061,'2018','Florida Inter.','0','+6','8-4',NULL,NULL,NULL,NULL,NULL,NULL),(201853973,401032086,'2018','TeXas','0','+10.5','9-4',NULL,NULL,NULL,NULL,NULL,NULL),(201854592,401032060,'2018','South Florida','1','+2.5','7-5',NULL,NULL,NULL,NULL,NULL,NULL),(201854799,401035252,'2018','Nevada','1','+1.5','7-5',NULL,NULL,NULL,NULL,NULL,NULL),(201855082,401032072,'2018','Vanderbilt','1','','6-6',NULL,NULL,NULL,NULL,NULL,NULL),(201856536,401032088,'2018','Penn State','1','','9-3',NULL,NULL,NULL,NULL,NULL,NULL),(201856829,401032068,'2018','Georgia Tech','1','','7-5',NULL,NULL,NULL,NULL,NULL,NULL),(201859073,401032077,'2018','Virginia','1','+4','7-5',NULL,NULL,NULL,NULL,NULL,NULL),(201859616,401032079,'2018','Notre Dame','0','+11.0','12-0',NULL,NULL,NULL,NULL,NULL,NULL),(201862552,401035253,'2018','UL Lafayette','1','+3.5','7-6',NULL,NULL,NULL,NULL,NULL,NULL),(201866043,401035250,'2018','Northwestern','0','+7','8-5',NULL,NULL,NULL,NULL,NULL,NULL),(201866962,401032076,'2018','Michigan','1','','10-2',NULL,NULL,NULL,NULL,NULL,NULL),(201867701,401032072,'2018','Baylor','0','+3.5','6-6',NULL,NULL,NULL,NULL,NULL,NULL),(201868987,401032084,'2018','LSU','0','','9-3',NULL,NULL,NULL,NULL,NULL,NULL),(201870137,401032088,'2018','Kentucky','0','+6','9-3',NULL,NULL,NULL,NULL,NULL,NULL),(201871164,401032086,'2018','Georgia','1','','11-2',NULL,NULL,NULL,NULL,NULL,NULL),(201872577,401032073,'2018','Auburn','1','','7-5',NULL,NULL,NULL,NULL,NULL,NULL),(201874954,401032080,'2018','Virginia Tech','1','+5','6-6',NULL,NULL,NULL,NULL,NULL,NULL),(201879863,401032083,'2018','Mississippi State','0','','8-4',NULL,NULL,NULL,NULL,NULL,NULL),(201884645,401032053,'2018','North Carolina A&T','0','','9-2',NULL,NULL,NULL,NULL,NULL,NULL),(201886789,401032056,'2018','Georgia Southern','0','','9-3',NULL,NULL,NULL,NULL,NULL,NULL),(201887572,401032058,'2018','Alabama- Birm.','0','','10-3',NULL,NULL,NULL,NULL,NULL,NULL),(201888278,401032057,'2018','Appalachian State','1','','10-2',NULL,NULL,NULL,NULL,NULL,NULL),(201888600,401035253,'2018','Tulane','0','','6-6',NULL,NULL,NULL,NULL,NULL,NULL),(201889981,401032065,'2018','Buffalo','0','','10-3',NULL,NULL,NULL,NULL,NULL,NULL),(201891316,401032064,'2018','Houston','0','+3','8-4',NULL,NULL,NULL,NULL,NULL,NULL),(201893165,401032063,'2018','Memphis','0','','8-5',NULL,NULL,NULL,NULL,NULL,NULL),(201893751,401035254,'2018','Michigan State','0','+2.5','7-5',NULL,NULL,NULL,NULL,NULL,NULL),(201894290,401032055,'2018','Fresno State','1','','11-2',NULL,NULL,NULL,NULL,NULL,NULL),(201895580,401032084,'2018','UCF','1','+7.5','12-0',NULL,NULL,NULL,NULL,NULL,NULL),(201895780,401032058,'2018','Northern Illinois','1','+2','8-5',NULL,NULL,NULL,NULL,NULL,NULL),(201898981,401032070,'2018','Duke','1','+3','7-5',NULL,NULL,NULL,NULL,NULL,NULL),(201901023,401135274,'2019','Texas A&M','1','-6','7-5',NULL,NULL,NULL,NULL,NULL,NULL),(201901147,401136254,'2019','California','0','','7-5',NULL,NULL,NULL,NULL,NULL,NULL),(201903963,401188315,'2019','Alcorn State','0','','9-3',NULL,NULL,NULL,NULL,NULL,NULL),(201906235,401135272,'2019','North Carolina','0','','6-6',NULL,NULL,NULL,NULL,NULL,NULL),(201906992,401135269,'2019','Hawai\'i','0','+2','9-5',NULL,NULL,NULL,NULL,NULL,NULL),(201909911,401188315,'2019','N. Carolina A&T','1','-7.5','8-3',NULL,NULL,NULL,NULL,NULL,NULL),(201910014,401147693,'2019','Liberty','0','','7-5',NULL,NULL,NULL,NULL,NULL,NULL),(201912047,401135290,'2019','Boston College','0','+7','6-6',NULL,NULL,NULL,NULL,NULL,NULL),(201912137,401135279,'2019','Ohio State(2)','1','','13-0',NULL,NULL,NULL,NULL,NULL,NULL),(201912230,401135292,'2019','Nevada','1','+6.5','7-5',NULL,NULL,NULL,NULL,NULL,NULL),(201916306,401135263,'2019','Central Michigan','0','','8-5',NULL,NULL,NULL,NULL,NULL,NULL),(201916464,401135280,'2019','Western Michigan','1','+2.5','7-5',NULL,NULL,NULL,NULL,NULL,NULL),(201918292,401135268,'2019','UCF','0','','9-3',NULL,NULL,NULL,NULL,NULL,NULL),(201918933,401135267,'2019','UAB','1','+17','9-4',NULL,NULL,NULL,NULL,NULL,NULL),(201919304,401147695,'2019','Wyoming','0','','7-5',NULL,NULL,NULL,NULL,NULL,NULL),(201920701,401135264,'2019','SMU','0','','10-2',NULL,NULL,NULL,NULL,NULL,NULL),(201921114,401135277,'2019','Memphis(17)','0','','12-1',NULL,NULL,NULL,NULL,NULL,NULL),(201926626,401147693,'2019','Georgia Southern','1','-5.5','7-5',NULL,NULL,NULL,NULL,NULL,NULL),(201926676,401135270,'2019','Lousiana Tech','0','','9-3',NULL,NULL,NULL,NULL,NULL,NULL),(201926853,401135286,'2019','Alabama(13)','1','','10-2',NULL,NULL,NULL,NULL,NULL,NULL),(201929347,401135266,'2019','Boise State','0','','12-1',NULL,NULL,NULL,NULL,NULL,NULL),(201931444,401135278,'2019','Oklahoma(4)','0','','12-1',NULL,NULL,NULL,NULL,NULL,NULL),(201935263,401136255,'2019','Florida State','0','','6-6',NULL,NULL,NULL,NULL,NULL,NULL),(201935962,401136254,'2019','Illinois','1','+6.5','6-6',NULL,NULL,NULL,NULL,NULL,NULL),(201937450,401135272,'2019','Temple','1','+5','8-4',NULL,NULL,NULL,NULL,NULL,NULL),(201939227,401135260,'2019','Charlotte','1','+5','7-5',NULL,NULL,NULL,NULL,NULL,NULL),(201942893,401135285,'2019','Texas','1','+6.5','7-5',NULL,NULL,NULL,NULL,NULL,NULL),(201943515,401135281,'2019','Mississippi State','0','','6-6',NULL,NULL,NULL,NULL,NULL,NULL),(201944475,401135273,'2019','Michigan State','0','','6-6',NULL,NULL,NULL,NULL,NULL,NULL),(201945303,401135283,'2019','Kentucky','1','','7-5',NULL,NULL,NULL,NULL,NULL,NULL),(201945418,401135266,'2019','Washington','1','-3.5','7-5',NULL,NULL,NULL,NULL,NULL,NULL),(201947108,401135291,'2019','Tennessee','1','pick','7-5',NULL,NULL,NULL,NULL,NULL,NULL),(201947904,401135293,'2019','Southern Miss','0','','7-5',NULL,NULL,NULL,NULL,NULL,NULL),(201948011,401136253,'2019','Iowa(16)','1','-1.5','9-3',NULL,NULL,NULL,NULL,NULL,NULL),(201948045,401136255,'2019','Arizona State','1','-5.5','7-5',NULL,NULL,NULL,NULL,NULL,NULL),(201948203,401135287,'2019','Auburn(12)','1','-8','9-3',NULL,NULL,NULL,NULL,NULL,NULL),(201948997,401135286,'2019','Michigan(14)','0','+7','9-3',NULL,NULL,NULL,NULL,NULL,NULL),(201951117,401135284,'2019','Navy','0','','9-2',NULL,NULL,NULL,NULL,NULL,NULL),(201952240,401135288,'2019','Oregon(6)','0','','11-2',NULL,NULL,NULL,NULL,NULL,NULL),(201952716,401135291,'2019','Indiana','0','pick','8-4',NULL,NULL,NULL,NULL,NULL,NULL),(201953799,401135264,'2019','FAU','1','+3.5','10-3',NULL,NULL,NULL,NULL,NULL,NULL),(201955279,401135294,'2019','Miami (Ohio)','1','+14','8-5',NULL,NULL,NULL,NULL,NULL,NULL),(201956093,401147695,'2019','Georgia State','1','+7','7-5',NULL,NULL,NULL,NULL,NULL,NULL),(201956352,401135268,'2019','Marshall','1','+17.5','8-4',NULL,NULL,NULL,NULL,NULL,NULL),(201956892,401135277,'2019','Penn State(10)','1','-7','10-2',NULL,NULL,NULL,NULL,NULL,NULL),(201958312,401135294,'2019','Loisiana-Lafayette','0','','10-3',NULL,NULL,NULL,NULL,NULL,NULL),(201959781,401135271,'2019','Eastern Michigan','1','','6-6',NULL,NULL,NULL,NULL,NULL,NULL),(201961108,401135280,'2019','Western Kentucky','0','','8-4',NULL,NULL,NULL,NULL,NULL,NULL),(201962083,401135279,'2019','Clemson(3)','0','-2','13-0',NULL,NULL,NULL,NULL,NULL,NULL),(201962392,401135276,'2019','Iowa State','1','+3.5','7-5',NULL,NULL,NULL,NULL,NULL,NULL),(201964034,401135265,'2019','Arkansas State','1','-3','7-5',NULL,NULL,NULL,NULL,NULL,NULL),(201964642,401135287,'2019','Minnesota(18)','0','','10-2',NULL,NULL,NULL,NULL,NULL,NULL),(201965507,401135275,'2019','Air Force','0','','10-2',NULL,NULL,NULL,NULL,NULL,NULL),(201966274,401135271,'2019','Pittsburgh','0','-10.5','7-5',NULL,NULL,NULL,NULL,NULL,NULL),(201967042,401135283,'2019','Virginia Tech','0','-3','8-4',NULL,NULL,NULL,NULL,NULL,NULL),(201967119,401135265,'2019','Florida Intenational','0','','6-6',NULL,NULL,NULL,NULL,NULL,NULL),(201970523,401135290,'2019','Cincinnati(21)','1','','10-3',NULL,NULL,NULL,NULL,NULL,NULL),(201973472,401135263,'2019','San Diego State','1','-4.5','9-3',NULL,NULL,NULL,NULL,NULL,NULL),(201974450,401135260,'2019','Buffalo','0','','7-5',NULL,NULL,NULL,NULL,NULL,NULL),(201975067,401135274,'2019','Oaklahoma State(25)','0','','8-4',NULL,NULL,NULL,NULL,NULL,NULL),(201978198,401135273,'2019','Wake Forest','1','+3.5','8-4',NULL,NULL,NULL,NULL,NULL,NULL),(201979239,401135261,'2019','Utah State','0','-9.5','7-5',NULL,NULL,NULL,NULL,NULL,NULL),(201979771,401135285,'2019','Utah(11)','0','','11-2',NULL,NULL,NULL,NULL,NULL,NULL),(201982813,401135282,'2019','Florida(9)','0','','10-2',NULL,NULL,NULL,NULL,NULL,NULL),(201983747,401135289,'2019','Baylor(7)','1','+7.5','11-2',NULL,NULL,NULL,NULL,NULL,NULL),(201983802,401135292,'2019','Ohio','0','','6-6',NULL,NULL,NULL,NULL,NULL,NULL),(201985419,401135267,'2019','Appalachian State','0','','12-1',NULL,NULL,NULL,NULL,NULL,NULL),(201987016,401135289,'2019','Georgia(5)','0','','11-2',NULL,NULL,NULL,NULL,NULL,NULL),(201987398,401135270,'2019','Miami','1','-7.5','6-6',NULL,NULL,NULL,NULL,NULL,NULL),(201988410,401136253,'2019','USC(22)','0','','8-4',NULL,NULL,NULL,NULL,NULL,NULL),(201990897,401135261,'2019','Kent State','1','','6-6',NULL,NULL,NULL,NULL,NULL,NULL),(201993718,401135284,'2019','Kansas State','1','-1','8-4',NULL,NULL,NULL,NULL,NULL,NULL),(201994615,401135269,'2019','BYU','1','','7-5',NULL,NULL,NULL,NULL,NULL,NULL),(201995754,401135288,'2019','Wisconsin(8)','1','-2.5','10-3',NULL,NULL,NULL,NULL,NULL,NULL),(201997902,401135281,'2019','Louisville','1','-3.5','7-5',NULL,NULL,NULL,NULL,NULL,NULL),(201998293,401135278,'2019','LSU(1)','1','-13','13-0',NULL,NULL,NULL,NULL,NULL,NULL),(201998728,401135276,'2019','Notre Dame(15)','0','','10-2',NULL,NULL,NULL,NULL,NULL,NULL),(201998816,401135282,'2019','Virginia(24)','1','+13.5','9-4',NULL,NULL,NULL,NULL,NULL,NULL),(201999317,401135275,'2019','Washington State','1','+2.5','6-6',NULL,NULL,NULL,NULL,NULL,NULL),(201999918,401135293,'2019','Tulane','1','-7','6-6',NULL,NULL,NULL,NULL,NULL,NULL),(202104715,401331171,'2021','Marshall','1','','7-5',NULL,NULL,NULL,NULL,NULL,NULL),(202106603,401331223,'2021','Mississippi State','0','-8.5','7-5',NULL,NULL,NULL,NULL,NULL,NULL),(202106757,401331171,'2021','Louisianna (23)','0','-5.0','12-1',NULL,NULL,NULL,NULL,NULL,NULL),(202107220,401331241,'2021','Kansas State','1','-1.0','7-5',NULL,NULL,NULL,NULL,NULL,NULL),(202108300,401331166,'2021','Western Kentucky','0','','8-5',NULL,NULL,NULL,NULL,NULL,NULL),(202108968,401331224,'2021','West Virginia','0','','6-6',NULL,NULL,NULL,NULL,NULL,NULL),(202109446,401331218,'2021','Georgia State','0','-4.5','7-5',NULL,NULL,NULL,NULL,NULL,NULL),(202110061,401331169,'2021','Eastern Michigan','0','','7-5',NULL,NULL,NULL,NULL,NULL,NULL),(202114835,401331222,'2021','Air Force','0','','9-3',NULL,NULL,NULL,NULL,NULL,NULL),(202116092,401331213,'2021','Kent State','0','','7-6',NULL,NULL,NULL,NULL,NULL,NULL),(202116311,401331227,'2021','Clemson (19)','0','','9-3',NULL,NULL,NULL,NULL,NULL,NULL),(202116320,401331235,'2021','Alabama (1)','1','-13.5','12-1',NULL,NULL,NULL,NULL,NULL,NULL),(202120465,401331215,'2021','Army','1','-3.5','8-3',NULL,NULL,NULL,NULL,NULL,NULL),(202124019,401331226,'2021','Virgina Tech','1','','6-6',NULL,NULL,NULL,NULL,NULL,NULL),(202124512,401331230,'2021','Tennessee','0','-4.5','7-5',NULL,NULL,NULL,NULL,NULL,NULL),(202125027,401331170,'2021','Utah State','0','','10-3',NULL,NULL,NULL,NULL,NULL,NULL),(202125937,401331219,'2021','Western Michigan','0','-3.5','7-5',NULL,NULL,NULL,NULL,NULL,NULL),(202127503,401331654,'2021','Central Michigan','1','-2.5','8-4',NULL,NULL,NULL,NULL,NULL,NULL),(202127779,401331164,'2021','Middle Tennessee','0','','6-6',NULL,NULL,NULL,NULL,NULL,NULL),(202129154,401331232,'2021','Arizona State','1','','8-4',NULL,NULL,NULL,NULL,NULL,NULL),(202130485,401331214,'2021','UTSA','0','-2.5','12-1',NULL,NULL,NULL,NULL,NULL,NULL),(202132903,401331235,'2021','Cincinnati (4)','0','','13-0',NULL,NULL,NULL,NULL,NULL,NULL),(202133106,401331240,'2021','Ole Miss (8)','1','','10-2',NULL,NULL,NULL,NULL,NULL,NULL),(202133831,401331237,'2021','Kentucky (22)','1','-3.0','9-3',NULL,NULL,NULL,NULL,NULL,NULL),(202133842,401331216,'2021','Florida','1','-6.5','6-6',NULL,NULL,NULL,NULL,NULL,NULL),(202135711,401331216,'2021','UCF','0','','8-4',NULL,NULL,NULL,NULL,NULL,NULL),(202136732,401331654,'2021','Washington State','0','','7-5',NULL,NULL,NULL,NULL,NULL,NULL),(202136795,401331221,'2021','Auburn','1','-3.0','6-6',NULL,NULL,NULL,NULL,NULL,NULL),(202137222,401331229,'2021','North Carolina','0','-7.0','6-6',NULL,NULL,NULL,NULL,NULL,NULL),(202137286,401331234,'2021','Georgia (3)','0','-7.5','12-1',NULL,NULL,NULL,NULL,NULL,NULL),(202137621,401331214,'2021','San Diego State (24)','1','','11-2',NULL,NULL,NULL,NULL,NULL,NULL),(202137865,401331169,'2021','Liberty','1','-9.5','7-5',NULL,NULL,NULL,NULL,NULL,NULL),(202138075,401331238,'2021','Notre Dame (5)','1','-2.0','11-1',NULL,NULL,NULL,NULL,NULL,NULL),(202138555,401331219,'2021','Nevada','1','','8-4',NULL,NULL,NULL,NULL,NULL,NULL),(202138712,401331237,'2021','Iowa (15)','0','','10-3',NULL,NULL,NULL,NULL,NULL,NULL),(202142928,401331233,'2021','Texas A&M (25)','1','-7','8-4',NULL,NULL,NULL,NULL,NULL,NULL),(202142960,401391158,'2021','Miami (OH)','1','-3.0','6-6',NULL,NULL,NULL,NULL,NULL,NULL),(202143711,401331167,'2021','UTEP','0','','7-5',NULL,NULL,NULL,NULL,NULL,NULL),(202145608,401331167,'2021','Fresno State','1','-11.5','9-3',NULL,NULL,NULL,NULL,NULL,NULL),(202146649,401331172,'2021','Tulsa','1','-9.5','6-6',NULL,NULL,NULL,NULL,NULL,NULL),(202148127,401331226,'2021','Maryland','0','-1.0','6-6',NULL,NULL,NULL,NULL,NULL,NULL),(202150320,401331232,'2021','Wisonsin','0','-7','8-4',NULL,NULL,NULL,NULL,NULL,NULL),(202151684,401331170,'2021','Oregon State','1','-7.0','7-5',NULL,NULL,NULL,NULL,NULL,NULL),(202154137,401331165,'2021','Coastal Carolina','1','-10.0','10-2',NULL,NULL,NULL,NULL,NULL,NULL),(202156911,401331227,'2021','Iowa State','1','-1.0','7-5',NULL,NULL,NULL,NULL,NULL,NULL),(202158912,401331164,'2021','Toledo','1','-10.0','7-5',NULL,NULL,NULL,NULL,NULL,NULL),(202159774,401331233,'2021','Wake Forest (17)','0','','10-3',NULL,NULL,NULL,NULL,NULL,NULL),(202161060,401331223,'2021','TeXas Tech','1','','6-6',NULL,NULL,NULL,NULL,NULL,NULL),(202161388,401331172,'2021','Old Dominion','0','','6-6',NULL,NULL,NULL,NULL,NULL,NULL),(202161610,401331240,'2021','Baylor (7)','0','-1.5','11-2',NULL,NULL,NULL,NULL,NULL,NULL),(202162898,401331166,'2021','Appalachian State','1','-3.0','10-3',NULL,NULL,NULL,NULL,NULL,NULL),(202163848,401331168,'2021','BYU (13)','1','-7.0','10-2',NULL,NULL,NULL,NULL,NULL,NULL),(202164486,401331215,'2021','Missouri','0','','6-6',NULL,NULL,NULL,NULL,NULL,NULL),(202164803,401331221,'2021','Houston (20)','0','','11-2',NULL,NULL,NULL,NULL,NULL,NULL),(202165986,401331231,'2021','Pittsburgh (12)','0','','11-2',NULL,NULL,NULL,NULL,NULL,NULL),(202166814,401331238,'2021','Oklahoma State (9)','0','','11-2',NULL,NULL,NULL,NULL,NULL,NULL),(202169053,401331213,'2021','Wyoming','1','-3.0','6-6',NULL,NULL,NULL,NULL,NULL,NULL),(202174957,401331236,'2021','Arkansas (21)','1','','8-4',NULL,NULL,NULL,NULL,NULL,NULL),(202175627,401331224,'2021','Minnesota','1','-4.0','8-4',NULL,NULL,NULL,NULL,NULL,NULL),(202177126,401331241,'2021','LSU','0','','6-6',NULL,NULL,NULL,NULL,NULL,NULL),(202178042,401331228,'2021','Oregon (14)','0','','10-3',NULL,NULL,NULL,NULL,NULL,NULL),(202180471,401331230,'2021','Purdue','1','','8-4',NULL,NULL,NULL,NULL,NULL,NULL),(202181500,401331218,'2021','Ball State','1','','6-6',NULL,NULL,NULL,NULL,NULL,NULL),(202181935,401331168,'2021','UAB','0','','8-4',NULL,NULL,NULL,NULL,NULL,NULL),(202186026,401331239,'2021','Utah (11)','0','','10-3',NULL,NULL,NULL,NULL,NULL,NULL),(202187720,401331231,'2021','Michigan State (10)','1','-1.5','10-2',NULL,NULL,NULL,NULL,NULL,NULL),(202189008,401331165,'2021','Northern Illinois','0','','9-4',NULL,NULL,NULL,NULL,NULL,NULL),(202190120,401331236,'2021','Penn State','0','-2.0','7-5',NULL,NULL,NULL,NULL,NULL,NULL),(202190816,401331222,'2021','Louisville','1','-1.5','6-6',NULL,NULL,NULL,NULL,NULL,NULL),(202191306,401331229,'2021','Southern Carolina','1','','6-6',NULL,NULL,NULL,NULL,NULL,NULL),(202191833,401331228,'2021','Oklahoma (16)','1','-4.5','10-2',NULL,NULL,NULL,NULL,NULL,NULL),(202193600,401331234,'2021','Michigan (2)','1','','12-1',NULL,NULL,NULL,NULL,NULL,NULL),(202199392,401331239,'2021','Ohio State (6)','1','-6.5','10-2',NULL,NULL,NULL,NULL,NULL,NULL),(202199713,401391158,'2021','North TeXas','0','','6-6',NULL,NULL,NULL,NULL,NULL,NULL),(202201727,401442012,'2022','Purdue','1','','8 - 5',NULL,NULL,NULL,NULL,NULL,NULL),(202203697,401441993,'2022','UAB','1','-11.5','6 - 6',NULL,NULL,NULL,NULL,NULL,NULL),(202203762,401442007,'2022','Missouri','1','','6 - 6',NULL,NULL,NULL,NULL,NULL,NULL),(202204110,401441997,'2022','BYU','1','','7 - 5',NULL,NULL,NULL,NULL,NULL,NULL),(202204119,401442002,'2022','East Carolina','1','-7.5','7 - 5',NULL,NULL,NULL,NULL,NULL,NULL),(202204284,401442005,'2022','Wisconsin','0','-2.5','6 - 6',NULL,NULL,NULL,NULL,NULL,NULL),(202204337,401442016,'2022','Michigan (2)','1','-9.5','13 - 0',NULL,NULL,NULL,NULL,NULL,NULL),(202205298,401442042,'2022','Louisiana','0','','6 - 6',NULL,NULL,NULL,NULL,NULL,NULL),(202205963,401441996,'2022','N. C. Central','1','','9 - 2',NULL,NULL,NULL,NULL,NULL,NULL),(202206712,401441999,'2022','Florida','0','','6 - 6',NULL,NULL,NULL,NULL,NULL,NULL),(202206808,401441994,'2022','Troy (24)','1','-2.5','11 - 2',NULL,NULL,NULL,NULL,NULL,NULL),(202208816,401442039,'2022','South Alabama','1','-2.5','10 - 2',NULL,NULL,NULL,NULL,NULL,NULL),(202208968,401441995,'2022','Louisville','1','','7 - 5',NULL,NULL,NULL,NULL,NULL,NULL),(202209599,401442008,'2022','Duke','1','','8 - 4',NULL,NULL,NULL,NULL,NULL,NULL),(202211392,401442013,'2022','USC (10)','1','','11 - 2',NULL,NULL,NULL,NULL,NULL,NULL),(202212047,401442038,'2022','Fresno State','1','','9 - 4',NULL,NULL,NULL,NULL,NULL,NULL),(202212865,401442000,'2022','Utah State','1','','6 - 6',NULL,NULL,NULL,NULL,NULL,NULL),(202213636,401442011,'2022','Mississippi State (22)','0','-1.5','8 - 4',NULL,NULL,NULL,NULL,NULL,NULL),(202213839,401442006,'2022','Liberty','0','','8 - 4',NULL,NULL,NULL,NULL,NULL,NULL),(202213998,401442040,'2022','Baylor','0','-6.5','6 - 6',NULL,NULL,NULL,NULL,NULL,NULL),(202214228,401442014,'2022','Utah (8)','1','','10 - 3',NULL,NULL,NULL,NULL,NULL,NULL),(202214764,401442041,'2022','Southern Miss','1','-5.5','6 - 6',NULL,NULL,NULL,NULL,NULL,NULL),(202216116,401441998,'2022','Buffalo','1','','6 - 6',NULL,NULL,NULL,NULL,NULL,NULL),(202216250,401470891,'2022','Oregon (15)','0','-9.5','9 - 3',NULL,NULL,NULL,NULL,NULL,NULL),(202216417,401442031,'2022','Ole Miss','1','-3.0','8 - 4',NULL,NULL,NULL,NULL,NULL,NULL),(202216534,401442008,'2022','UCF','0','-3.5','9 - 4',NULL,NULL,NULL,NULL,NULL,NULL),(202217886,401442035,'2022','NC State (23)','1','','8 - 4',NULL,NULL,NULL,NULL,NULL,NULL),(202220571,401442018,'2022','Kansas State (9)','1','','10 - 3',NULL,NULL,NULL,NULL,NULL,NULL),(202221617,401442038,'2022','Washingto State','0','-4.0','7 - 5',NULL,NULL,NULL,NULL,NULL,NULL),(202222010,401442009,'2022','San Diego State','1','-1.5','7 - 5',NULL,NULL,NULL,NULL,NULL,NULL),(202224154,401442037,'2022','Bowling Green','1','','6 - 6',NULL,NULL,NULL,NULL,NULL,NULL),(202226282,401442036,'2022','Notre Dame (21)','0','-4.5','8 - 4',NULL,NULL,NULL,NULL,NULL,NULL),(202231505,401442039,'2022','Western Kentucky','0','','8 - 5',NULL,NULL,NULL,NULL,NULL,NULL),(202231594,401442030,'2022','Kansas','0','','6 - 6',NULL,NULL,NULL,NULL,NULL,NULL),(202235271,401442016,'2022','TCU (3)','0','','12 - 1',NULL,NULL,NULL,NULL,NULL,NULL),(202236616,401443542,'2022','UCLA (18)','1','-3.5','9 - 3',NULL,NULL,NULL,NULL,NULL,NULL),(202238609,401441997,'2022','SMU','0','-2.5','7 - 5',NULL,NULL,NULL,NULL,NULL,NULL),(202239745,401442005,'2022','Oklahoma State','1','','7 - 5',NULL,NULL,NULL,NULL,NULL,NULL),(202239926,401442017,'2022','Kentucky','1','-3.5','7 - 5',NULL,NULL,NULL,NULL,NULL,NULL),(202242199,401441995,'2022','Cincinnati','0','-1.5','9 - 3',NULL,NULL,NULL,NULL,NULL,NULL),(202243089,401442032,'2022','Syracuse','0','','7 - 5',NULL,NULL,NULL,NULL,NULL,NULL),(202244896,401442034,'2022','Texas (20)','0','-3.5','8 - 4',NULL,NULL,NULL,NULL,NULL,NULL),(202248146,401442030,'2022','Arkansas','1','-4.5','6 - 6',NULL,NULL,NULL,NULL,NULL,NULL),(202249408,401442001,'2022','Boise State','1','-7.5','9 - 4',NULL,NULL,NULL,NULL,NULL,NULL),(202250589,401441994,'2022','UTSA (25)','0','','11 - 2',NULL,NULL,NULL,NULL,NULL,NULL),(202252245,401443543,'2022','Ohio ','0','-2.5','9 - 4',NULL,NULL,NULL,NULL,NULL,NULL),(202252421,401470891,'2022','North Carolina','1','','9 - 4',NULL,NULL,NULL,NULL,NULL,NULL),(202252580,401443543,'2022','Wyoming','1','','7 - 5',NULL,NULL,NULL,NULL,NULL,NULL),(202253118,401442003,'2022','Uconn','1','','6 - 6',NULL,NULL,NULL,NULL,NULL,NULL),(202255559,401442032,'2022','Minnesota','1','-6.5','8 - 4',NULL,NULL,NULL,NULL,NULL,NULL),(202256167,401442002,'2022','Coastal Carolina','0','','9 - 3',NULL,NULL,NULL,NULL,NULL,NULL),(202256696,401442040,'2022','Air Force','1','','9 - 3',NULL,NULL,NULL,NULL,NULL,NULL),(202256888,401442004,'2022','Eastern Michigan','0','','8 - 4',NULL,NULL,NULL,NULL,NULL,NULL),(202258300,401442035,'2022','Maryland','0','-2.5','7 - 5',NULL,NULL,NULL,NULL,NULL,NULL),(202260085,401442009,'2022','Middle Tennesse State','0','','7 - 5',NULL,NULL,NULL,NULL,NULL,NULL),(202263345,401442037,'2022','New Mexico State','0','-1.5','6 - 6',NULL,NULL,NULL,NULL,NULL,NULL),(202266387,401442033,'2022','Oklahoma','0','','6 - 6',NULL,NULL,NULL,NULL,NULL,NULL),(202266431,401442000,'2022','Memphis','0','-10.5','6 - 6',NULL,NULL,NULL,NULL,NULL,NULL),(202267731,401442001,'2022','North Texas','0','','7 - 6',NULL,NULL,NULL,NULL,NULL,NULL),(202271134,401442033,'2022','Florida State (13)','1','-7.5','9 - 3',NULL,NULL,NULL,NULL,NULL,NULL),(202272574,401442034,'2022','Washington (12)','1','','10 - 2',NULL,NULL,NULL,NULL,NULL,NULL),(202276342,401442014,'2022','Penn State (11)','0','-1.5','10 - 2',NULL,NULL,NULL,NULL,NULL,NULL),(202277163,401442011,'2022','Illinois','1','','8 - 4 ',NULL,NULL,NULL,NULL,NULL,NULL),(202277195,401442018,'2022','Alabama (5)','0','-4.5','10 - 2',NULL,NULL,NULL,NULL,NULL,NULL),(202277485,401442017,'2022','Iowa','0','','7 - 5',NULL,NULL,NULL,NULL,NULL,NULL),(202280449,401441998,'2022','Georgia Southern','0','-4.5','6 - 6',NULL,NULL,NULL,NULL,NULL,NULL),(202280487,401442031,'2022','Texas Tech','0','','7 - 5',NULL,NULL,NULL,NULL,NULL,NULL),(202281013,401443542,'2022','Pitt','0','','',NULL,NULL,NULL,NULL,NULL,NULL),(202282294,401442006,'2022','Toledo','1','-1.5','8 - 5',NULL,NULL,NULL,NULL,NULL,NULL),(202282497,401442015,'2022','Ohio State (4)','0','','11 - 1',NULL,NULL,NULL,NULL,NULL,NULL),(202283276,401442042,'2022','Houston','1','-3.5','7 - 5',NULL,NULL,NULL,NULL,NULL,NULL),(202284340,401442007,'2022','Wake Forest','0','-1.5','7 - 5',NULL,NULL,NULL,NULL,NULL,NULL),(202285349,401441993,'2022','Miami (Ohio)','0','','6 - 6',NULL,NULL,NULL,NULL,NULL,NULL),(202286234,401442013,'2022','Tulane (16)','0','-1.5','11 - 2',NULL,NULL,NULL,NULL,NULL,NULL),(202286497,401442012,'2022','LSU (17)','0','-6.5','9 - 4',NULL,NULL,NULL,NULL,NULL,NULL),(202287324,401442004,'2022','San Jose State','1','-4.5','7 - 4',NULL,NULL,NULL,NULL,NULL,NULL),(202289167,401442036,'2022','South Carolina (19)','1','','8 - 4',NULL,NULL,NULL,NULL,NULL,NULL),(202291096,401442041,'2022','Rice','0','','5 - 7',NULL,NULL,NULL,NULL,NULL,NULL),(202293878,401442019,'2022','Clemson (7)','1','-4.5','11 - 2',NULL,NULL,NULL,NULL,NULL,NULL),(202295847,401442015,'2022','Georgia (1)','1','-6.5','13 - 0',NULL,NULL,NULL,NULL,NULL,NULL),(202298136,401441999,'2022','Oregon State (14)','1','-7.5','9 - 3',NULL,NULL,NULL,NULL,NULL,NULL),(202298552,401442003,'2022','Marshall','0','-9.5','8 - 4',NULL,NULL,NULL,NULL,NULL,NULL),(202298612,401442019,'2022','Tennessee (6)','0','','10 - 2',NULL,NULL,NULL,NULL,NULL,NULL),(202299751,401441996,'2022','Jackson State','0','-12.0','12 - 0',NULL,NULL,NULL,NULL,NULL,NULL);
/*!40000 ALTER TABLE `bowlTeams` ENABLE KEYS */;
UNLOCK TABLES;

--
-- Table structure for table `playerPicks`
--

DROP TABLE IF EXISTS `playerPicks`;
/*!40101 SET @saved_cs_client     = @@character_set_client */;
/*!50503 SET character_set_client = utf8mb4 */;
CREATE TABLE `playerPicks` (
  `pickId` bigint NOT NULL,
  `playerId` int NOT NULL,
  `gameId` int NOT NULL,
  `isHome` tinyint(1) DEFAULT NULL,
  PRIMARY KEY (`pickId`)
) ENGINE=InnoDB DEFAULT CHARSET=utf8mb4 COLLATE=utf8mb4_0900_ai_ci;
/*!40101 SET character_set_client = @saved_cs_client */;

--
-- Dumping data for table `playerPicks`
--

LOCK TABLES `playerPicks` WRITE;
/*!40000 ALTER TABLE `playerPicks` DISABLE KEYS */;
INSERT INTO `playerPicks` VALUES (2018003709992,201863533,401032077,1),(2018003738370,201837052,401032064,1),(2018005038978,201812156,401032069,1),(2018005300533,201815976,401035253,0),(2018005771677,201866815,401032069,1),(2018006363685,201811326,401032063,0),(2018006617221,201847231,401032055,0),(2018007008865,201864622,401032053,1),(2018009498597,201811326,401032078,1),(2018009523925,201866815,401032066,1),(2018011228384,201893192,401032054,0),(2018012481665,201866815,401032076,0),(2018014365821,201812156,401032053,0),(2018016297566,201812156,401032066,0),(2018016429185,201800138,401032088,0),(2018017518003,201850429,401032069,0),(2018017584389,201837052,401032074,1),(2018018078543,201866815,401032078,1),(2018018576326,201815976,401035251,1),(2018018963796,201864373,401032088,1),(2018019071790,201864622,401032083,0),(2018019208648,201837052,401032065,0),(2018020681980,201837052,401032066,0),(2018022220601,201863533,401035250,0),(2018022477179,201837052,401032069,0),(2018024788473,201853031,401032075,1),(2018027770749,201811326,401035254,1),(2018027819266,201885689,401032073,1),(2018028355668,201863533,401032084,0),(2018029052227,201864373,401035252,0),(2018031019724,201816261,401032078,0),(2018034075646,201864373,401032075,0),(2018035537796,201816261,401032065,0),(2018038173555,201866815,401035251,1),(2018039149608,201872252,401032053,0),(2018040966185,201850429,401032084,1),(2018041764225,201812156,401032079,0),(2018042708860,201800138,401035250,0),(2018044214308,201864622,401032078,1),(2018046368349,201864373,401032081,0),(2018048368013,201897524,401032072,1),(2018048567996,201872252,401032063,0),(2018049621386,201885689,401032077,0),(2018050421085,201864622,401032077,1),(2018053029126,201829855,401032078,1),(2018053063001,201896043,401035251,1),(2018053249536,201864373,401032072,1),(2018053698161,201837052,401032073,0),(2018055300889,201866815,401032070,0),(2018056485320,201893192,401032056,0),(2018056623199,201863533,401032057,0),(2018056725095,201815976,401032085,1),(2018059483096,201847231,401032057,1),(2018060277299,201864373,401032056,0),(2018065118906,201829855,401035251,1),(2018066410910,201829855,401032063,1),(2018067410472,201812156,401032064,1),(2018067695007,201811326,401032076,1),(2018071729628,201847231,401032061,0),(2018073046227,201893192,401032063,0),(2018073278906,201868118,401035250,1),(2018074385880,201837052,401032075,1),(2018075076347,201837052,401032070,1),(2018075942551,201868118,401032076,0),(2018076129189,201819755,401032066,1),(2018076571468,201864373,401032077,0),(2018077905008,201866815,401035250,0),(2018078736707,201815976,401032076,1),(2018079636171,201863533,401032086,1),(2018081097902,201866815,401032072,0),(2018085393732,201816261,401032057,1),(2018085494002,201829855,401032077,0),(2018088078078,201860695,401032056,0),(2018090831291,201863533,401032085,0),(2018091830150,201893192,401032055,1),(2018093636622,201864373,401032061,0),(2018095205061,201811326,401032081,0),(2018098237849,201811326,401035253,0),(2018099014688,201896043,401032079,1),(2018099178370,201872252,401032055,0),(2018100856780,201829855,401032065,1),(2018102485501,201847231,401035253,0),(2018107045761,201837052,401035254,0),(2018107151964,201864622,401032086,1),(2018107769695,201896043,401032063,0),(2018108521269,201896043,401032078,1),(2018108789633,201816261,401032059,1),(2018111843127,201853031,401032057,1),(2018112402324,201811326,401032062,1),(2018113432381,201812156,401032055,1),(2018115075871,201868118,401032086,0),(2018117767989,201896043,401032080,0),(2018118508130,201812156,401032058,0),(2018119060221,201853031,401032063,1),(2018119150110,201800138,401032064,1),(2018119643259,201896043,401032053,0),(2018119709792,201847231,401032081,0),(2018122260870,201863533,401032088,1),(2018123027923,201837052,401032061,1),(2018123231966,201854024,401035253,0),(2018125135016,201893192,401032086,0),(2018127026457,201893192,401035253,0),(2018127170053,201829855,401032076,1),(2018127479906,201863533,401032060,1),(2018127656446,201847231,401032078,0),(2018127826693,201850429,401032061,0),(2018127847630,201868118,401032079,1),(2018129185627,201854024,401032072,0),(2018129755924,201868118,401032068,0),(2018130287567,201860695,401032055,1),(2018131316325,201850429,401032060,0),(2018131772098,201860695,401032065,0),(2018133602048,201815976,401032078,0),(2018134543893,201897524,401032064,1),(2018136654947,201853031,401032076,1),(2018137030520,201897524,401032057,1),(2018139243775,201815976,401032086,1),(2018140613297,201847231,401035250,0),(2018141462036,201896043,401035254,1),(2018142709578,201800138,401032069,0),(2018144310067,201863533,401035253,0),(2018146071619,201872252,401035254,1),(2018147103911,201864622,401035253,0),(2018147146937,201816261,401032058,0),(2018148012379,201819755,401032074,1),(2018148297143,201860695,401032077,1),(2018149218941,201853031,401032059,0),(2018151096817,201815976,401032066,0),(2018151474085,201885689,401032066,1),(2018155334708,201868118,401032069,0),(2018155447828,201837052,401032079,0),(2018156396879,201847231,401032068,1),(2018159192339,201819755,401032079,0),(2018160813024,201854024,401032060,0),(2018161267865,201863533,401032076,0),(2018164266384,201800138,401035253,0),(2018166662876,201816261,401032083,1),(2018167135884,201893192,401032083,0),(2018168387328,201829855,401032058,1),(2018168901606,201816261,401032068,1),(2018169260800,201872252,401032065,0),(2018170811472,201854024,401032053,0),(2018179080608,201885689,401032083,1),(2018179286014,201811326,401032058,1),(2018179288302,201850429,401035254,1),(2018179398640,201872252,401032057,0),(2018179727937,201854024,401032088,0),(2018181051104,201885689,401032061,1),(2018185417700,201863533,401032062,1),(2018185976180,201872252,401032080,1),(2018188661082,201812156,401032056,0),(2018188915301,201863533,401032058,0),(2018189525057,201863533,401032079,0),(2018189937570,201850429,401032083,1),(2018190114418,201854024,401032075,0),(2018190187583,201847231,401032088,1),(2018191473447,201897524,401032066,0),(2018196883516,201815976,401032074,1),(2018197282498,201864373,401032082,0),(2018198801430,201896043,401035252,1),(2018199873431,201864622,401032058,0),(2018202167539,201811326,401032071,1),(2018202282001,201816261,401032080,0),(2018203498709,201896043,401032070,0),(2018204789150,201847231,401032064,1),(2018205084814,201829855,401032071,1),(2018205217552,201829855,401032075,1),(2018205836675,201854024,401032078,1),(2018206543268,201812156,401032071,1),(2018209168591,201829855,401032072,1),(2018210113018,201854024,401032059,0),(2018211016296,201819755,401032060,0),(2018211028725,201864622,401032085,1),(2018212163533,201854024,401032068,0),(2018213872099,201864373,401035253,1),(2018214982050,201872252,401035253,0),(2018215010129,201893192,401032077,1),(2018215440965,201854024,401032073,0),(2018219707611,201811326,401032053,1),(2018220070182,201819755,401032071,1),(2018220329333,201897524,401032060,1),(2018220859399,201811326,401032068,1),(2018220945518,201868118,401032064,1),(2018221221283,201837052,401035250,0),(2018223427041,201868118,401035253,1),(2018224702706,201829855,401032083,1),(2018224886535,201811326,401032080,0),(2018225161908,201815976,401032079,1),(2018225575064,201819755,401035251,1),(2018226727496,201885689,401032063,0),(2018227949702,201860695,401032054,0),(2018230588995,201860695,401032088,0),(2018231121054,201819755,401032076,1),(2018232277893,201829855,401032057,1),(2018233447170,201872252,401032086,0),(2018233626672,201837052,401032071,1),(2018234587390,201864373,401032058,0),(2018234823717,201896043,401032068,0),(2018235087583,201897524,401032085,0),(2018236096466,201860695,401032066,0),(2018236998649,201847231,401032063,0),(2018237945267,201897524,401032059,0),(2018238577047,201864622,401032066,0),(2018240079621,201800138,401032079,0),(2018240853535,201893192,401032057,1),(2018242815255,201811326,401032072,1),(2018242948661,201885689,401032075,1),(2018246367204,201872252,401032070,0),(2018246393486,201829855,401032085,0),(2018246508360,201864622,401035252,0),(2018246644514,201893192,401035254,1),(2018248340323,201854024,401032069,1),(2018248433716,201893192,401032082,0),(2018249019357,201811326,401032074,1),(2018250540530,201885689,401035250,0),(2018253246742,201815976,401035252,0),(2018253981565,201853031,401032053,0),(2018255212002,201811326,401032066,0),(2018258127644,201812156,401032085,1),(2018259119461,201860695,401035253,1),(2018261998141,201847231,401032071,0),(2018267124746,201868118,401035251,1),(2018267688883,201815976,401032062,1),(2018268303004,201850429,401035250,0),(2018268700165,201829855,401032070,0),(2018269134145,201864622,401032071,0),(2018269242719,201819755,401032075,0),(2018269878335,201868118,401032062,1),(2018270767132,201847231,401032074,0),(2018270951992,201893192,401035252,0),(2018271867211,201800138,401032061,0),(2018273446588,201897524,401032081,1),(2018273471611,201872252,401032074,0),(2018274481969,201885689,401032079,1),(2018275091158,201872252,401032062,1),(2018275548124,201885689,401032084,0),(2018276120891,201896043,401032069,0),(2018278567026,201860695,401032074,0),(2018280613399,201816261,401032085,1),(2018282307156,201819755,401032055,0),(2018282362139,201816261,401032071,0),(2018284655111,201800138,401032080,0),(2018285567733,201864373,401032085,1),(2018288289746,201837052,401032083,1),(2018288548731,201850429,401032064,0),(2018288836092,201868118,401032077,1),(2018290614671,201812156,401035254,1),(2018295687568,201885689,401035251,0),(2018297542327,201819755,401032058,1),(2018298081526,201885689,401032060,0),(2018299854420,201850429,401032088,0),(2018300523471,201847231,401032058,0),(2018300857379,201815976,401032064,1),(2018301550300,201829855,401032056,1),(2018302702824,201860695,401032063,0),(2018304594052,201864622,401032080,0),(2018304877535,201854024,401032084,0),(2018306897328,201847231,401032072,1),(2018307179907,201847231,401032054,1),(2018308559882,201893192,401032065,0),(2018308896401,201800138,401032058,0),(2018313565546,201868118,401032072,0),(2018314781131,201800138,401035251,0),(2018314961651,201819755,401032081,1),(2018315683630,201819755,401035252,1),(2018315738586,201847231,401035254,1),(2018317188169,201885689,401032082,0),(2018317282025,201837052,401032072,0),(2018318971890,201863533,401032064,0),(2018319716055,201811326,401032082,0),(2018320052212,201863533,401032072,1),(2018325154880,201850429,401035253,0),(2018325535174,201816261,401032081,1),(2018326812170,201863533,401032065,1),(2018327131357,201868118,401032081,1),(2018331255454,201864622,401032056,0),(2018331987909,201819755,401032078,0),(2018332258824,201885689,401032069,0),(2018333534267,201837052,401035252,0),(2018334088320,201893192,401032062,0),(2018334626968,201863533,401032070,1),(2018337880012,201829855,401032069,0),(2018338185460,201850429,401032082,1),(2018338486359,201847231,401032060,1),(2018343149921,201885689,401035253,1),(2018343883707,201819755,401032064,1),(2018348527189,201893192,401032081,0),(2018351617491,201815976,401032069,0),(2018352028077,201864373,401032065,1),(2018353514664,201885689,401032064,0),(2018354020246,201897524,401032054,1),(2018355942002,201816261,401032088,1),(2018360246699,201872252,401032082,1),(2018361625883,201866815,401032088,0),(2018362556162,201893192,401032059,0),(2018364568803,201800138,401035254,1),(2018364584858,201847231,401032056,0),(2018365489685,201819755,401032053,1),(2018365732156,201864622,401032057,1),(2018366233760,201800138,401032056,1),(2018367446687,201812156,401032075,1),(2018367480744,201860695,401032059,1),(2018367768076,201850429,401032073,1),(2018367837231,201816261,401032055,1),(2018367909474,201864622,401032081,1),(2018373531121,201829855,401032084,0),(2018375640389,201864373,401032068,1),(2018379345941,201896043,401032081,1),(2018380493975,201816261,401032056,1),(2018381543307,201850429,401032077,1),(2018381664700,201847231,401032084,1),(2018383765288,201812156,401032078,1),(2018388959292,201816261,401032069,0),(2018389736967,201885689,401032076,1),(2018390621777,201863533,401032082,1),(2018391661848,201864622,401032084,1),(2018392012323,201896043,401032059,1),(2018395104188,201863533,401032081,1),(2018397918605,201800138,401032060,1),(2018401067003,201812156,401032062,0),(2018402227455,201812156,401032059,1),(2018402381480,201853031,401032073,0),(2018402423584,201864373,401032079,1),(2018405008832,201863533,401032080,1),(2018405015525,201854024,401032076,0),(2018405804736,201815976,401032081,1),(2018407569717,201850429,401032068,1),(2018407583294,201853031,401032062,0),(2018408514896,201897524,401032079,1),(2018408965521,201864622,401032062,1),(2018409366987,201815976,401032061,1),(2018409940518,201896043,401032073,0),(2018410684395,201885689,401032059,1),(2018410727310,201872252,401032056,0),(2018411091753,201863533,401032071,0),(2018411363856,201819755,401032069,0),(2018411385951,201847231,401032069,1),(2018412947519,201864622,401032060,0),(2018414207537,201815976,401032071,1),(2018416597061,201815976,401032059,0),(2018416883736,201864373,401032076,0),(2018417227828,201815976,401032088,1),(2018418718553,201872252,401032075,1),(2018419063311,201816261,401032082,1),(2018419288314,201811326,401032077,1),(2018420793871,201815976,401032065,0),(2018420993850,201811326,401032060,1),(2018423620656,201853031,401032079,0),(2018424212702,201847231,401032070,1),(2018424701574,201819755,401032086,1),(2018424841677,201811326,401032079,0),(2018425083813,201896043,401032072,1),(2018427785689,201897524,401032082,0),(2018429929455,201850429,401032076,0),(2018429975224,201837052,401032080,1),(2018431228038,201819755,401032073,0),(2018431937831,201854024,401035250,0),(2018432161378,201819755,401032065,0),(2018434090926,201800138,401035252,0),(2018434396624,201868118,401032073,0),(2018435375686,201860695,401035252,0),(2018436278213,201847231,401032075,1),(2018438648909,201897524,401032088,1),(2018438688291,201863533,401032069,0),(2018438929300,201868118,401032070,1),(2018439609219,201837052,401032081,1),(2018444268779,201815976,401032054,0),(2018445932257,201853031,401035250,1),(2018446842798,201860695,401035250,0),(2018446955771,201864622,401032088,1),(2018447114475,201864622,401032063,1),(2018448810429,201800138,401032075,1),(2018451896089,201860695,401032069,0),(2018452806619,201812156,401032073,0),(2018453482094,201812156,401032077,0),(2018453562798,201896043,401032084,0),(2018453641239,201816261,401032079,0),(2018454243919,201800138,401032071,0),(2018454321171,201837052,401032063,0),(2018456604577,201812156,401032065,1),(2018456774284,201829855,401035253,1),(2018457433339,201864373,401032083,1),(2018458450199,201800138,401032057,0),(2018460774697,201847231,401032059,0),(2018461478325,201863533,401032075,0),(2018462304982,201819755,401032072,1),(2018463249541,201885689,401032074,1),(2018463938544,201866815,401035253,0),(2018466737859,201847231,401032073,1),(2018467101053,201866815,401032064,0),(2018468130231,201829855,401032060,0),(2018468933534,201837052,401032077,0),(2018470286638,201812156,401032080,0),(2018471486559,201812156,401032072,1),(2018473347235,201893192,401032053,0),(2018473643196,201893192,401032088,1),(2018473771820,201864373,401032080,0),(2018475424003,201854024,401032080,1),(2018476731944,201896043,401035250,0),(2018477297169,201837052,401035251,0),(2018481743521,201837052,401032085,0),(2018484030811,201897524,401032053,1),(2018485042298,201815976,401032075,1),(2018487402446,201854024,401032079,1),(2018492764010,201864373,401035254,1),(2018494506150,201829855,401032064,1),(2018496004162,201864373,401032084,0),(2018496012778,201863533,401032083,0),(2018496525694,201854024,401032063,1),(2018496531788,201860695,401032058,0),(2018497463761,201829855,401032074,0),(2018497556556,201860695,401032085,1),(2018497904607,201850429,401035251,0),(2018498488339,201853031,401032080,0),(2018498633707,201847231,401032076,1),(2018499261974,201815976,401032053,0),(2018500928119,201800138,401032066,0),(2018501489154,201837052,401032056,1),(2018501712925,201896043,401035253,0),(2018501974382,201885689,401035252,1),(2018504139606,201811326,401035250,1),(2018506030968,201885689,401032085,1),(2018508607949,201872252,401032076,0),(2018511255245,201866815,401032080,1),(2018511331141,201850429,401032065,1),(2018512417772,201866815,401032063,1),(2018512671774,201854024,401032056,0),(2018515187529,201868118,401032088,0),(2018516270138,201864622,401032079,1),(2018517140363,201866815,401032074,1),(2018519281348,201837052,401032084,1),(2018519506863,201837052,401032082,0),(2018519888739,201863533,401032073,1),(2018522716243,201872252,401032088,1),(2018523401162,201885689,401032055,1),(2018524478037,201854024,401032074,1),(2018525526550,201893192,401032085,1),(2018526126187,201847231,401032062,0),(2018526558989,201829855,401032088,1),(2018527674173,201815976,401032060,1),(2018528181168,201885689,401032080,1),(2018528820084,201811326,401032083,0),(2018529865788,201860695,401032064,1),(2018531328056,201868118,401032065,0),(2018533011490,201853031,401032085,0),(2018533402236,201800138,401032083,0),(2018534160159,201815976,401032083,0),(2018534749018,201837052,401032058,1),(2018534922622,201850429,401032079,0),(2018536307068,201864373,401032066,1),(2018539640029,201800138,401032055,0),(2018540185835,201812156,401032076,1),(2018540244682,201896043,401032065,0),(2018540402116,201864373,401032078,0),(2018542609375,201854024,401032085,0),(2018543360844,201850429,401032053,1),(2018544120859,201829855,401032062,0),(2018544159935,201860695,401032083,1),(2018546217092,201896043,401032077,0),(2018547580223,201863533,401032056,0),(2018547856011,201850429,401032062,1),(2018547963551,201863533,401032053,0),(2018548064621,201847231,401032077,0),(2018548973169,201837052,401032086,0),(2018549655590,201872252,401032060,1),(2018550963325,201864622,401035254,1),(2018552064408,201864622,401032074,1),(2018552219500,201800138,401032072,1),(2018554968166,201829855,401032079,1),(2018555656670,201837052,401032068,0),(2018555969119,201812156,401032086,0),(2018556177538,201897524,401032075,1),(2018556476686,201893192,401032060,1),(2018559385231,201800138,401032085,1),(2018559745165,201816261,401032086,1),(2018560715357,201893192,401032080,0),(2018561324643,201816261,401035254,0),(2018562796622,201854024,401032077,0),(2018563450036,201868118,401032054,1),(2018566596203,201816261,401032076,1),(2018567103684,201864373,401032060,0),(2018567146744,201812156,401032057,0),(2018572556026,201866815,401032057,0),(2018573129164,201863533,401032061,0),(2018574351985,201864622,401032076,0),(2018574826647,201816261,401032074,0),(2018575948523,201866815,401032053,0),(2018576064266,201853031,401032084,1),(2018578783035,201864373,401032064,1),(2018578784695,201800138,401032053,0),(2018578953635,201854024,401032057,0),(2018583061097,201860695,401032060,1),(2018584748343,201868118,401035252,1),(2018584958249,201829855,401032059,0),(2018590007607,201811326,401035251,0),(2018593168383,201853031,401032055,0),(2018593442215,201860695,401032080,1),(2018594002132,201854024,401032071,1),(2018595059686,201896043,401032064,1),(2018599234947,201819755,401032061,1),(2018599665365,201819755,401032063,0),(2018600293607,201866815,401035252,1),(2018600688957,201853031,401032077,0),(2018600720784,201893192,401032076,1),(2018601485111,201812156,401032074,1),(2018602176776,201853031,401032082,0),(2018604644634,201811326,401032085,1),(2018606169651,201864373,401032086,1),(2018606223654,201864622,401032075,1),(2018607254484,201853031,401032072,1),(2018608297514,201853031,401032058,1),(2018609494032,201853031,401032071,1),(2018610994719,201866815,401032079,1),(2018613093654,201850429,401032063,0),(2018613902741,201868118,401032074,1),(2018614815351,201829855,401032082,1),(2018615276966,201866815,401032082,0),(2018616455973,201850429,401035252,1),(2018616732683,201819755,401032083,1),(2018619019229,201893192,401032072,1),(2018619508474,201866815,401032075,0),(2018619816677,201819755,401032068,0),(2018621926792,201897524,401032056,1),(2018628190333,201800138,401032084,1),(2018629097272,201860695,401032078,0),(2018629505248,201816261,401032062,0),(2018629917283,201816261,401032063,0),(2018630843998,201864373,401032057,1),(2018632199050,201896043,401032062,0),(2018632729250,201885689,401035254,0),(2018632824506,201863533,401035252,1),(2018633871188,201812156,401032063,1),(2018635867784,201819755,401032062,0),(2018636700444,201893192,401035251,1),(2018638405356,201893192,401032075,1),(2018639365062,201847231,401032079,0),(2018640032669,201829855,401032073,1),(2018640458298,201860695,401035254,0),(2018640900048,201860695,401032084,0),(2018642361687,201815976,401032084,0),(2018646621348,201868118,401032084,1),(2018646667292,201853031,401032066,1),(2018648384281,201816261,401032061,1),(2018650525116,201850429,401032057,0),(2018650883086,201897524,401035253,0),(2018651130545,201800138,401032073,1),(2018651436541,201897524,401032074,1),(2018651720960,201885689,401032057,1),(2018653934527,201864622,401032055,1),(2018655959977,201853031,401032069,1),(2018656341496,201897524,401032062,0),(2018656516053,201864622,401032059,1),(2018657693290,201829855,401032061,0),(2018657743796,201847231,401032082,1),(2018660485308,201864622,401032070,0),(2018662644682,201800138,401032062,0),(2018662686973,201811326,401032073,1),(2018664367229,201837052,401032076,0),(2018664388640,201868118,401032055,0),(2018666335708,201816261,401032072,1),(2018667104470,201811326,401032075,1),(2018668779867,201853031,401032078,1),(2018668992258,201854024,401032083,0),(2018670333493,201854024,401035251,1),(2018671358594,201868118,401035254,1),(2018672419221,201872252,401032068,0),(2018673174643,201893192,401032073,0),(2018673276572,201847231,401032080,0),(2018674451708,201811326,401032070,0),(2018675200203,201815976,401032082,1),(2018677188790,201868118,401032061,1),(2018677876048,201864373,401032069,0),(2018678447886,201854024,401032066,1),(2018679239732,201866815,401032085,0),(2018681577495,201864373,401032062,0),(2018684772884,201815976,401032058,0),(2018685054271,201853031,401032083,0),(2018685710253,201885689,401032058,0),(2018687173219,201854024,401035254,1),(2018689077201,201847231,401035252,0),(2018690141557,201860695,401035251,1),(2018690685019,201837052,401032053,1),(2018692511210,201896043,401032083,0),(2018693728176,201812156,401032081,0),(2018694372720,201816261,401032077,1),(2018695762755,201864622,401032065,0),(2018695858533,201872252,401035251,0),(2018697900888,201872252,401032061,0),(2018700387746,201897524,401032084,1),(2018703715756,201872252,401032081,1),(2018704743678,201864622,401035250,1),(2018705401247,201868118,401032063,1),(2018707017471,201816261,401032073,1),(2018707404911,201847231,401032086,1),(2018707679431,201854024,401032065,1),(2018708177162,201866815,401032077,0),(2018711441377,201815976,401032056,0),(2018713081790,201854024,401032058,1),(2018713353140,201868118,401032066,0),(2018715964226,201864373,401032071,0),(2018717769773,201816261,401032054,1),(2018720113059,201853031,401032070,1),(2018720655554,201885689,401032081,0),(2018721623798,201860695,401032068,0),(2018722709406,201897524,401032076,0),(2018723347180,201847231,401032083,1),(2018724055287,201872252,401032079,0),(2018726614652,201860695,401032073,1),(2018726795524,201819755,401032080,0),(2018727400975,201854024,401032054,0),(2018728015203,201864373,401032070,0),(2018728710724,201850429,401032058,1),(2018728940912,201815976,401032080,1),(2018729660151,201800138,401032054,0),(2018730139356,201812156,401032088,1),(2018730400410,201860695,401032075,0),(2018731274397,201811326,401032084,1),(2018732575068,201885689,401032088,0),(2018732682954,201811326,401032056,0),(2018733024229,201872252,401032071,0),(2018733156922,201853031,401032064,0),(2018733231662,201885689,401032056,1),(2018734235363,201885689,401032065,1),(2018734791589,201812156,401032083,0),(2018735396489,201815976,401032063,1),(2018736686588,201860695,401032053,1),(2018736980999,201829855,401035254,1),(2018737424657,201864622,401032072,1),(2018740715065,201853031,401032088,1),(2018741084244,201897524,401032086,0),(2018742419414,201829855,401035250,0),(2018742860182,201811326,401032065,1),(2018743578788,201864622,401032061,0),(2018743829140,201812156,401032061,0),(2018746098601,201866815,401032086,0),(2018751968669,201853031,401032060,0),(2018753500251,201860695,401032057,0),(2018753775009,201850429,401032081,1),(2018755351006,201812156,401035252,1),(2018755511545,201897524,401032061,0),(2018755921918,201816261,401032064,1),(2018757185614,201837052,401032088,0),(2018758310736,201863533,401035251,0),(2018759918018,201816261,401035253,1),(2018762041539,201885689,401032071,1),(2018763376456,201893192,401032078,1),(2018763963011,201837052,401032060,1),(2018765040006,201837052,401032059,0),(2018765555407,201864373,401032073,0),(2018765790950,201866815,401032068,0),(2018766483978,201815976,401032057,1),(2018767474949,201864373,401032059,1),(2018767799151,201811326,401032055,1),(2018767924394,201819755,401032077,0),(2018767996765,201863533,401032063,0),(2018768464335,201866815,401032055,0),(2018768518655,201897524,401032058,0),(2018769115120,201860695,401032076,0),(2018771122982,201853031,401032065,1),(2018773398517,201872252,401032073,0),(2018774197964,201864373,401032063,0),(2018774225798,201853031,401032056,1),(2018777050167,201896043,401032075,0),(2018780568462,201800138,401032081,0),(2018780646027,201811326,401032069,0),(2018780961461,201854024,401032081,0),(2018782959629,201854024,401035252,1),(2018783426152,201872252,401032084,1),(2018784817159,201897524,401032070,1),(2018784886684,201837052,401032078,0),(2018785208288,201897524,401032077,1),(2018785300832,201815976,401032070,1),(2018785699511,201800138,401032077,1),(2018786441765,201868118,401032078,0),(2018789646942,201866815,401032061,0),(2018789680601,201816261,401035252,0),(2018793341782,201897524,401035250,0),(2018793667079,201860695,401032072,0),(2018793759736,201885689,401032070,1),(2018794193649,201896043,401032060,0),(2018795392682,201897524,401032069,0),(2018795550718,201897524,401032055,1),(2018796281113,201864622,401032073,1),(2018797255106,201819755,401035253,0),(2018797798674,201829855,401032055,1),(2018798471530,201819755,401032070,0),(2018798815487,201816261,401032066,0),(2018800116230,201866815,401032071,1),(2018800952490,201864622,401032069,0),(2018801446717,201896043,401032074,1),(2018801841006,201847231,401035251,0),(2018802617326,201896043,401032085,1),(2018802775267,201868118,401032053,0),(2018803170230,201811326,401032057,1),(2018803510178,201815976,401032072,0),(2018804996813,201866815,401032054,0),(2018805416027,201829855,401032080,0),(2018805421947,201853031,401035252,1),(2018809745078,201860695,401032071,0),(2018810219315,201812156,401032054,0),(2018812023559,201863533,401032074,0),(2018812064003,201885689,401032078,1),(2018812065968,201829855,401032066,0),(2018814388685,201885689,401032072,1),(2018815222542,201837052,401032054,1),(2018815392885,201864373,401032054,0),(2018816403477,201863533,401032055,0),(2018816404770,201864622,401035251,0),(2018817200557,201864373,401032053,1),(2018817518177,201872252,401032085,1),(2018817528455,201893192,401032071,1),(2018818782618,201850429,401032080,1),(2018819752048,201872252,401032054,0),(2018820624555,201811326,401032054,0),(2018820916114,201868118,401032082,1),(2018822893938,201819755,401035254,1),(2018824639404,201863533,401032078,1),(2018825883363,201893192,401032066,0),(2018826941125,201893192,401032084,1),(2018826971461,201812156,401035250,0),(2018828384154,201897524,401032078,1),(2018829144701,201868118,401032075,0),(2018829403394,201893192,401032069,1),(2018829534011,201868118,401032057,1),(2018830778449,201829855,401032054,1),(2018832247504,201860695,401032081,1),(2018832983828,201837052,401035253,0),(2018834049480,201815976,401032077,1),(2018836447000,201811326,401032064,1),(2018837240043,201850429,401032086,0),(2018837267325,201854024,401032061,0),(2018841155517,201819755,401032056,1),(2018841194726,201893192,401032074,1),(2018846598680,201885689,401032068,0),(2018847962805,201850429,401032075,1),(2018848012082,201837052,401032055,0),(2018849750039,201800138,401032076,1),(2018849821398,201872252,401032066,0),(2018852212118,201866815,401032060,0),(2018853341040,201812156,401035253,1),(2018853415574,201812156,401032082,1),(2018855954659,201850429,401032078,0),(2018856217990,201872252,401032072,1),(2018856334544,201885689,401032054,0),(2018858049804,201897524,401032063,0),(2018859571730,201811326,401032088,1),(2018859968055,201896043,401032056,0),(2018862494464,201850429,401032070,0),(2018863409066,201896043,401032088,1),(2018867350816,201815976,401032073,1),(2018867419886,201816261,401035250,1),(2018867782727,201800138,401032078,0),(2018868559624,201863533,401035254,1),(2018870207390,201868118,401032059,0),(2018870544570,201815976,401035250,0),(2018872145521,201897524,401032071,1),(2018873099611,201866815,401032081,0),(2018873770349,201864373,401032055,1),(2018874171187,201819755,401035250,0),(2018875467465,201885689,401032053,1),(2018877170319,201863533,401032059,1),(2018879150063,201811326,401032086,1),(2018879888151,201819755,401032059,0),(2018880601909,201864622,401032064,1),(2018880783961,201868118,401032080,1),(2018880977880,201829855,401032068,0),(2018881994940,201811326,401032059,0),(2018882764424,201850429,401032074,0),(2018883001897,201863533,401032054,0),(2018884216899,201866815,401032073,0),(2018884563099,201815976,401035254,0),(2018885662404,201816261,401032075,1),(2018885875696,201853031,401032054,1),(2018886668356,201893192,401032061,0),(2018887566417,201853031,401032086,0),(2018889934957,201872252,401035252,1),(2018890288501,201819755,401032082,1),(2018891273452,201860695,401032062,1),(2018891786820,201872252,401032083,1),(2018892294053,201819755,401032088,0),(2018894965161,201885689,401032062,0),(2018895245793,201816261,401032053,1),(2018898133507,201812156,401032084,1),(2018898173569,201812156,401032070,0),(2018899289004,201864373,401035250,1),(2018900318954,201864622,401032068,1),(2018901176178,201868118,401032060,1),(2018902105316,201872252,401032077,0),(2018902140424,201896043,401032086,0),(2018905140927,201872252,401032064,1),(2018905667326,201897524,401035251,1),(2018908018798,201893192,401032068,1),(2018909349708,201872252,401032069,0),(2018909848610,201897524,401032073,0),(2018911429822,201819755,401032085,1),(2018912082835,201829855,401032081,0),(2018914073878,201860695,401032086,1),(2018914235948,201853031,401035254,1),(2018914984590,201800138,401032086,1),(2018915016674,201896043,401032057,1),(2018915729387,201850429,401032071,1),(2018918093003,201860695,401032082,1),(2018918975742,201893192,401035250,0),(2018920554941,201800138,401032074,0),(2018922405241,201896043,401032058,1),(2018923319930,201872252,401035250,1),(2018923470994,201872252,401032078,1),(2018923573520,201850429,401032059,0),(2018925607389,201811326,401035252,1),(2018925628387,201853031,401032081,0),(2018925735599,201866815,401032058,1),(2018929030959,201800138,401032068,1),(2018929286295,201860695,401032079,1),(2018930395781,201860695,401032061,0),(2018931711569,201893192,401032070,0),(2018931958022,201896043,401032076,1),(2018932201246,201896043,401032071,1),(2018932632420,201868118,401032071,1),(2018934339377,201864622,401032054,0),(2018935596296,201853031,401035251,0),(2018935662039,201837052,401032062,0),(2018935919385,201847231,401032085,1),(2018936124815,201863533,401032066,0),(2018937989828,201812156,401035251,0),(2018938420975,201864622,401032082,1),(2018939040763,201800138,401032070,1),(2018939868867,201800138,401032059,0),(2018942811532,201812156,401032068,1),(2018942816206,201837052,401032057,0),(2018942843091,201864373,401032074,0),(2018943179549,201896043,401032061,0),(2018943202638,201854024,401032082,0),(2018944797853,201866815,401032062,1),(2018945284968,201897524,401035252,1),(2018945700279,201854024,401032062,1),(2018946577122,201850429,401032085,1),(2018946888000,201868118,401032058,1),(2018947301140,201847231,401032066,0),(2018947367564,201850429,401032072,1),(2018947590404,201815976,401032055,0),(2018950117352,201868118,401032056,1),(2018951202392,201866815,401032083,0),(2018951929112,201829855,401032086,0),(2018952566721,201850429,401032054,0),(2018953633985,201819755,401032084,0),(2018953636646,201816261,401032084,1),(2018954118970,201829855,401035252,1),(2018954618921,201896043,401032066,1),(2018956894792,201897524,401035254,1),(2018958479331,201864373,401035251,1),(2018962664096,201800138,401032063,0),(2018962697927,201896043,401032082,1),(2018966605651,201816261,401035251,0),(2018967265629,201812156,401032060,0),(2018967502175,201829855,401032053,0),(2018969118273,201854024,401032070,0),(2018969886287,201816261,401032070,1),(2018969904251,201863533,401032068,1),(2018971358855,201868118,401032083,0),(2018971534956,201897524,401032065,0),(2018971727600,201847231,401032065,1),(2018972617350,201872252,401032059,0),(2018972715090,201800138,401032065,1),(2018975606830,201896043,401032054,1),(2018977004757,201866815,401035254,1),(2018977266743,201819755,401032057,1),(2018977466127,201897524,401032068,0),(2018977528247,201850429,401032055,0),(2018977927406,201872252,401032058,1),(2018979467582,201847231,401032053,0),(2018979792244,201850429,401032056,0),(2018979953480,201896043,401032055,1),(2018980137612,201816261,401032060,1),(2018981092813,201893192,401032064,0),(2018981206948,201853031,401032068,1),(2018981880875,201853031,401032061,1),(2018982078771,201897524,401032083,1),(2018982665019,201866815,401032056,0),(2018982956627,201850429,401032066,1),(2018985748207,201885689,401032086,1),(2018987584202,201811326,401032061,1),(2018987646905,201866815,401032065,1),(2018988341277,201860695,401032070,0),(2018989320495,201893192,401032079,0),(2018990798142,201897524,401032080,0),(2018991086561,201819755,401032054,0),(2018992934975,201800138,401032082,1),(2018993139854,201815976,401032068,0),(2018993387548,201854024,401032086,0),(2018993754532,201866815,401032084,0),(2018994873470,201854024,401032064,0),(2018995391340,201853031,401032074,1),(2018996034123,201854024,401032055,0),(2018998581995,201868118,401032085,0),(2018999035069,201853031,401035253,0),(2018999118163,201866815,401032059,0),(2018999754968,201893192,401032058,0),(2019000670414,201996423,401135272,1),(2019003032763,201916554,401135276,0),(2019003515035,201913583,401135271,0),(2019004169191,201986281,401135285,1),(2019006145194,201916354,401136254,0),(2019007253103,201977509,401147695,0),(2019008943434,201950305,401135268,0),(2019009009748,201906507,401135294,1),(2019010963492,201906966,401135272,1),(2019011348511,201931946,401135276,0),(2019011861656,201996423,401136253,1),(2019012377790,201916354,401188315,1),(2019012909667,201915692,401135265,0),(2019015408199,201996423,401135270,1),(2019015676262,201977509,401136254,1),(2019017643795,201906507,401135285,0),(2019017695597,201916354,401135266,1),(2019018027963,201958563,401136255,1),(2019018610386,201906966,401135287,1),(2019019088872,201996423,401135290,0),(2019023813574,201958563,401135272,1),(2019024396943,201916554,401135264,0),(2019024862799,201990670,401135263,1),(2019026964011,201986281,401135289,1),(2019027047510,201906966,401135282,0),(2019027285684,201931946,401147693,0),(2019027949072,201986281,401135271,0),(2019030443007,201913583,401135277,0),(2019030562482,201977509,401135261,1),(2019030785274,201996423,401135267,0),(2019031058821,201950305,401135282,0),(2019036532467,201916354,401135287,0),(2019037149039,201915692,401135292,1),(2019037514742,201958563,401135286,0),(2019040814984,201977509,401135263,0),(2019040926170,201983542,401135289,0),(2019042733602,201983542,401135288,0),(2019043440355,201983542,401147695,0),(2019043861480,201913583,401135268,1),(2019045994656,201916554,401135260,0),(2019049089142,201986281,401136255,1),(2019050225802,201916554,401135273,0),(2019051201385,201913583,401135289,1),(2019051578656,201931946,401135263,0),(2019054571660,201906966,401135275,0),(2019057012257,201996423,401136255,0),(2019059320907,201931946,401135274,0),(2019065281525,201913583,401135288,0),(2019067010968,201913583,401135272,1),(2019067948673,201958563,401135278,1),(2019069865392,201990670,401135279,0),(2019074293295,201950305,401135292,1),(2019077713599,201986281,401135283,1),(2019077882943,201915692,401135281,0),(2019079142564,201990670,401135269,1),(2019086068547,201913583,401135294,1),(2019086315365,201983542,401135261,0),(2019086342010,201906507,401136253,0),(2019086754962,201996423,401135289,0),(2019090126781,201931946,401135289,0),(2019091612430,201977509,401135290,0),(2019095950158,201996423,401135284,0),(2019097655030,201916354,401135277,1),(2019099911178,201916354,401135275,0),(2019101322514,201931946,401135283,1),(2019105432919,201990670,401135285,1),(2019106508634,201931946,401135272,0),(2019108692293,201996423,401135266,0),(2019109601594,201950305,401135270,1),(2019109919576,201913583,401136255,1),(2019111106945,201916354,401135278,1),(2019114371527,201950305,401147693,1),(2019115532030,201990670,401135284,0),(2019117840555,201916554,401135288,1),(2019118233147,201977509,401135281,1),(2019118914949,201950305,401135260,1),(2019120724091,201958563,401135271,0),(2019121796037,201916354,401135268,1),(2019124231341,201990670,401135281,1),(2019126944380,201996423,401147695,1),(2019128485438,201983542,401135277,1),(2019129343506,201996423,401135286,0),(2019130126910,201983542,401135278,0),(2019139014006,201915692,401135294,1),(2019145452410,201950305,401135271,0),(2019146880411,201915692,401135283,0),(2019151520622,201986281,401135286,1),(2019151571760,201983542,401136254,0),(2019152981317,201950305,401135279,0),(2019155288300,201916354,401135270,1),(2019158144873,201958563,401135288,0),(2019160653048,201996423,401147693,0),(2019162555415,201906507,401135288,0),(2019163518676,201983542,401147693,1),(2019166973243,201977509,401135287,0),(2019167143398,201931946,401147695,0),(2019167960817,201906507,401136255,1),(2019169506671,201983542,401135285,0),(2019171111354,201990670,401135268,0),(2019171979734,201996423,401135268,0),(2019175139150,201986281,401135287,1),(2019176197605,201931946,401135286,1),(2019178929023,201916554,401135294,0),(2019178997792,201916554,401135274,1),(2019179677765,201986281,401135277,0),(2019180156082,201986281,401135272,1),(2019181747509,201950305,401135289,1),(2019183325162,201977509,401135292,1),(2019188076249,201990670,401135261,1),(2019188643633,201931946,401136254,1),(2019194568302,201931946,401135294,1),(2019195683406,201906507,401135276,0),(2019197417686,201996423,401135291,0),(2019200141441,201913583,401135284,0),(2019201335137,201990670,401135271,1),(2019202173454,201916554,401135265,1),(2019202207316,201958563,401135268,0),(2019202318891,201977509,401135272,0),(2019202676498,201990670,401147693,1),(2019204912242,201906507,401136254,0),(2019205295372,201950305,401135290,0),(2019205432518,201916354,401135292,0),(2019207348008,201915692,401135269,0),(2019207996116,201996423,401135293,0),(2019210145861,201983542,401135264,0),(2019210893524,201915692,401135288,0),(2019212242065,201977509,401135277,0),(2019212797564,201915692,401135280,1),(2019214469869,201950305,401135272,1),(2019215696912,201913583,401135275,0),(2019216276463,201983542,401135271,1),(2019218232662,201906966,401135264,0),(2019222068113,201958563,401135280,0),(2019222269451,201990670,401135292,1),(2019222270862,201916354,401135282,0),(2019226474939,201913583,401135293,0),(2019227462609,201913583,401135292,1),(2019230245368,201990670,401135274,1),(2019230564641,201906507,401135280,1),(2019234937435,201916354,401135285,0),(2019237430243,201990670,401135264,0),(2019238537855,201990670,401135289,1),(2019239202012,201906507,401135278,1),(2019239382650,201990670,401136253,0),(2019241818306,201916354,401135293,1),(2019243372007,201996423,401135283,0),(2019246604722,201977509,401135276,1),(2019246743865,201983542,401135275,1),(2019250155856,201916554,401136254,0),(2019252858409,201916354,401136255,1),(2019253265403,201931946,401188315,0),(2019254777758,201916354,401135272,1),(2019256136436,201990670,401136254,0),(2019256868392,201977509,401135265,0),(2019258199145,201906966,401135265,1),(2019261329169,201996423,401135265,1),(2019261463859,201996423,401135275,1),(2019261732146,201906507,401135291,1),(2019262439605,201906966,401135281,1),(2019265263462,201958563,401147693,0),(2019269974777,201958563,401135267,1),(2019272577393,201990670,401135287,1),(2019272762072,201916554,401135261,0),(2019272982233,201977509,401135267,0),(2019274776581,201915692,401135290,0),(2019277363786,201916554,401135286,1),(2019280134581,201906966,401135277,0),(2019283494344,201983542,401135260,1),(2019286647845,201986281,401135268,1),(2019287746077,201913583,401135278,1),(2019287804569,201990670,401135291,1),(2019288642160,201958563,401135287,1),(2019290278350,201950305,401135284,0),(2019291489686,201906966,401135288,0),(2019293033652,201915692,401135270,1),(2019293260464,201983542,401135286,0),(2019293892101,201977509,401135278,0),(2019294166620,201958563,401135283,1),(2019295639311,201906966,401136253,0),(2019298432530,201913583,401135260,0),(2019298719763,201996423,401135294,0),(2019299419872,201958563,401135284,1),(2019299762538,201958563,401136253,1),(2019301740452,201996423,401188315,1),(2019302324950,201906507,401135273,0),(2019303998264,201913583,401135274,0),(2019306946689,201913583,401135279,0),(2019308308479,201983542,401135293,1),(2019308577194,201916354,401135279,0),(2019309197388,201906966,401136254,0),(2019310592878,201977509,401135288,0),(2019311811860,201913583,401135266,0),(2019312674487,201990670,401136255,1),(2019312716242,201906966,401135279,0),(2019315609976,201958563,401135281,1),(2019315741830,201916554,401136253,1),(2019316592851,201915692,401136253,0),(2019320327827,201915692,401135285,0),(2019321780544,201977509,401135284,1),(2019323503972,201986281,401188315,0),(2019330208818,201931946,401135270,1),(2019333172692,201906966,401188315,0),(2019334385533,201916354,401136253,0),(2019335290752,201915692,401135263,1),(2019335961579,201916554,401135292,1),(2019336088621,201906966,401135269,0),(2019338661848,201913583,401135291,1),(2019340885044,201916354,401135294,0),(2019341371757,201990670,401135288,0),(2019341605407,201950305,401188315,1),(2019348646220,201996423,401135285,0),(2019350125015,201986281,401135276,0),(2019351068662,201950305,401135280,0),(2019352247967,201950305,401135276,0),(2019352284285,201906507,401135287,1),(2019353544620,201915692,401135261,0),(2019356916014,201906966,401147695,1),(2019357276577,201958563,401135274,1),(2019357973459,201915692,401135260,0),(2019359377509,201916354,401135276,0),(2019362792196,201950305,401135278,0),(2019362852238,201958563,401135263,1),(2019364784900,201913583,401135283,0),(2019364865208,201913583,401136253,1),(2019365663173,201906966,401135284,0),(2019367587578,201990670,401135266,1),(2019368615005,201986281,401136254,0),(2019369606058,201913583,401135261,0),(2019370301450,201931946,401135271,0),(2019371389774,201986281,401135293,1),(2019372943007,201990670,401135277,0),(2019376579131,201913583,401135282,0),(2019377312761,201986281,401147695,0),(2019377406656,201906507,401135266,1),(2019389002411,201950305,401135275,1),(2019390792129,201977509,401135270,1),(2019391739327,201906507,401135279,0),(2019397787948,201913583,401135270,1),(2019399705632,201983542,401135267,1),(2019400990543,201906966,401135274,1),(2019402591415,201950305,401135266,1),(2019405798620,201931946,401135287,1),(2019406838317,201950305,401135283,0),(2019407001775,201977509,401135280,1),(2019409921452,201913583,401135264,0),(2019420225016,201915692,401135274,1),(2019422616719,201950305,401135261,0),(2019423033948,201916354,401135271,0),(2019423983913,201906966,401135271,0),(2019424219678,201906966,401135289,0),(2019425920158,201986281,401135294,1),(2019426416375,201915692,401147693,0),(2019427436088,201915692,401135275,1),(2019428708137,201906507,401147695,0),(2019429610599,201915692,401135264,0),(2019435017221,201958563,401188315,0),(2019444419664,201916354,401135264,0),(2019448317328,201931946,401136255,1),(2019448940115,201983542,401135266,0),(2019449550909,201958563,401135269,0),(2019450292524,201931946,401135267,1),(2019453841455,201950305,401135294,1),(2019454308170,201906966,401135273,1),(2019457250565,201906966,401135268,1),(2019459022014,201906966,401136255,0),(2019461516898,201990670,401135293,1),(2019466642032,201990670,401135282,0),(2019470105360,201986281,401135280,0),(2019471471826,201996423,401135269,0),(2019472198216,201986281,401135264,1),(2019474310306,201958563,401135275,0),(2019474844358,201931946,401135265,1),(2019475515633,201950305,401136255,1),(2019476333038,201913583,401135263,0),(2019478991305,201916554,401135285,0),(2019479368004,201977509,401135285,0),(2019480552774,201977509,401136253,0),(2019482227279,201931946,401135277,1),(2019484108445,201906507,401135284,0),(2019486921543,201986281,401135265,1),(2019487428616,201977509,401135260,1),(2019487944841,201977509,401147693,1),(2019489507212,201990670,401135260,1),(2019492312792,201990670,401135270,1),(2019493558279,201977509,401135271,1),(2019493637521,201916354,401135280,1),(2019494434269,201906507,401135265,0),(2019495762678,201958563,401135266,0),(2019496528440,201977509,401135282,1),(2019497654000,201990670,401135278,1),(2019499503979,201986281,401135290,0),(2019499600813,201913583,401135286,0),(2019501085367,201931946,401135279,1),(2019501461095,201906507,401135268,1),(2019507136795,201931946,401135290,1),(2019507470764,201950305,401135277,1),(2019507704241,201977509,401135279,0),(2019509875445,201931946,401135293,0),(2019510574322,201916354,401135283,0),(2019511185048,201977509,401135275,0),(2019511602635,201915692,401135271,0),(2019513477352,201950305,401135286,0),(2019514679429,201916554,401135272,1),(2019516056402,201996423,401135281,0),(2019516432404,201916354,401135291,1),(2019519306276,201983542,401135282,1),(2019520028898,201906507,401135275,1),(2019523716990,201916354,401135265,0),(2019524195361,201986281,401135270,0),(2019532646292,201958563,401135261,0),(2019533925333,201950305,401135265,1),(2019535562076,201990670,401147695,1),(2019535781802,201916354,401135281,1),(2019542063267,201958563,401135290,1),(2019542832801,201931946,401135291,1),(2019545264406,201958563,401135293,1),(2019545506942,201983542,401135280,1),(2019546895912,201906966,401135263,1),(2019546997578,201931946,401135284,0),(2019547222884,201986281,401135269,0),(2019547588265,201916354,401135260,0),(2019552052268,201977509,401135289,0),(2019556966907,201996423,401135282,1),(2019559569083,201915692,401136255,0),(2019561630876,201983542,401135270,1),(2019562888637,201986281,401135275,0),(2019565796740,201986281,401135266,0),(2019566771864,201916354,401135290,1),(2019567246037,201916354,401135263,1),(2019570405995,201950305,401135269,0),(2019573464982,201906507,401135260,0),(2019576188161,201916554,401147695,1),(2019576968852,201996423,401135288,0),(2019577091439,201986281,401136253,0),(2019577406282,201996423,401135287,0),(2019578400782,201983542,401135294,1),(2019580378435,201958563,401135264,0),(2019581989511,201916554,401135282,0),(2019583713529,201913583,401135280,0),(2019584677512,201915692,401188315,0),(2019585965764,201916554,401135269,1),(2019586841983,201958563,401135292,1),(2019587574351,201931946,401135264,1),(2019588324870,201958563,401136254,0),(2019589818338,201983542,401135273,1),(2019592883325,201913583,401147693,0),(2019592954322,201986281,401135291,0),(2019594182478,201986281,401135279,0),(2019596460815,201931946,401135269,0),(2019597076590,201931946,401135261,0),(2019599547572,201906507,401135293,1),(2019603057953,201906966,401135285,1),(2019606949797,201906966,401135293,0),(2019608981602,201913583,401135276,0),(2019613498277,201916554,401135275,0),(2019617307678,201958563,401135276,0),(2019617637230,201916554,401135263,1),(2019620753467,201990670,401135286,0),(2019623715252,201906507,401135274,0),(2019624720048,201996423,401135276,1),(2019626108563,201950305,401135287,0),(2019627635655,201958563,401135277,1),(2019633621052,201916554,401135271,0),(2019633760909,201996423,401135271,1),(2019635227914,201977509,401136255,1),(2019635302321,201983542,401135284,0),(2019638089750,201958563,401147695,1),(2019638119707,201906507,401135271,1),(2019647377682,201931946,401135280,1),(2019647682082,201958563,401135294,0),(2019652721750,201950305,401135273,0),(2019653001877,201990670,401135275,0),(2019655386778,201990670,401135283,0),(2019657800016,201906507,401135281,0),(2019657811403,201915692,401135268,0),(2019658176007,201915692,401135284,0),(2019661008793,201916354,401135274,0),(2019667619905,201983542,401135263,1),(2019669962798,201915692,401135267,1),(2019672019831,201977509,401135268,1),(2019673968705,201950305,401135291,1),(2019674150158,201983542,401135268,0),(2019675286174,201916554,401135266,1),(2019676079063,201990670,401135273,0),(2019678137664,201916354,401135289,0),(2019679485470,201913583,401136254,0),(2019683850012,201983542,401135274,1),(2019684625439,201950305,401136254,0),(2019685432201,201916554,401135289,1),(2019685704326,201906507,401135292,0),(2019685752334,201915692,401135291,1),(2019686490461,201990670,401188315,1),(2019686562613,201983542,401135269,0),(2019686749273,201931946,401135275,0),(2019687494893,201916354,401135261,0),(2019687513690,201906507,401135277,0),(2019688136153,201950305,401135281,0),(2019691238216,201916554,401135277,1),(2019693487049,201986281,401135273,1),(2019693866748,201913583,401135281,1),(2019693902309,201915692,401135289,1),(2019694323553,201931946,401135285,0),(2019696401657,201916554,401147693,1),(2019696904530,201986281,401135263,0),(2019698219489,201983542,401135292,1),(2019700618689,201906966,401135280,0),(2019703068095,201983542,401136253,0),(2019705395137,201916554,401135279,0),(2019707804328,201977509,401135274,0),(2019708098794,201913583,401135269,0),(2019709918512,201977509,401188315,1),(2019711204218,201986281,401147693,1),(2019711912355,201977509,401135269,0),(2019713944239,201916554,401135267,0),(2019715780809,201906966,401147693,1),(2019716832924,201983542,401188315,0),(2019718738029,201916554,401135281,1),(2019722225865,201950305,401135288,0),(2019723755643,201996423,401135279,1),(2019724584999,201916354,401135286,1),(2019727135147,201915692,401135287,1),(2019727270321,201906966,401135294,0),(2019727544738,201906966,401135283,0),(2019728819886,201931946,401135282,0),(2019729839404,201916354,401135284,0),(2019731183774,201906507,401135286,1),(2019731559887,201913583,401135265,1),(2019731595549,201916354,401147693,1),(2019731887155,201916354,401147695,0),(2019733845015,201996423,401135274,1),(2019733884050,201915692,401135266,0),(2019734922299,201915692,401135279,1),(2019737207593,201986281,401135282,1),(2019746097494,201906966,401135276,0),(2019749340273,201915692,401135276,0),(2019749479551,201990670,401135267,1),(2019753118842,201986281,401135267,1),(2019754597082,201915692,401135293,1),(2019755566188,201931946,401135292,1),(2019756179241,201996423,401135264,0),(2019758289512,201916554,401135270,0),(2019761658603,201950305,401135263,1),(2019762468523,201906966,401135267,1),(2019765821332,201915692,401135273,1),(2019771214501,201916554,401135293,0),(2019779752180,201958563,401135279,0),(2019784652159,201996423,401135277,1),(2019785527979,201950305,401135274,1),(2019788974851,201996423,401135278,1),(2019790537211,201916554,401136255,1),(2019797038289,201990670,401135280,1),(2019801057911,201986281,401135284,0),(2019801449143,201916554,401135283,0),(2019801857135,201916554,401188315,0),(2019802395902,201913583,401135287,1),(2019805131563,201915692,401136254,0),(2019812184600,201913583,401188315,0),(2019813390522,201931946,401135273,0),(2019814130201,201958563,401135270,0),(2019815113558,201983542,401136255,1),(2019815319538,201931946,401135266,0),(2019815593433,201916554,401135268,1),(2019817427218,201977509,401135283,0),(2019819772238,201913583,401135290,1),(2019821008596,201986281,401135288,1),(2019821329096,201916554,401135287,1),(2019822304080,201950305,401135293,0),(2019826255565,201996423,401135273,0),(2019827855553,201977509,401135286,1),(2019829611245,201915692,401135278,1),(2019831640512,201916554,401135280,1),(2019832361461,201916354,401135269,0),(2019832603722,201913583,401135285,0),(2019832857392,201996423,401135261,0),(2019835923725,201906507,401135261,1),(2019836623858,201958563,401135273,1),(2019838653480,201996423,401136254,0),(2019839963729,201996423,401135260,0),(2019841871151,201986281,401135292,0),(2019843937025,201916554,401135290,1),(2019845415473,201996423,401135280,0),(2019846831892,201915692,401135277,0),(2019848211947,201915692,401147695,1),(2019855309290,201916354,401135273,1),(2019855322217,201983542,401135287,0),(2019857985299,201983542,401135276,1),(2019861323299,201906507,401135272,1),(2019863801982,201915692,401135286,0),(2019865659669,201977509,401135294,1),(2019866050527,201977509,401135291,0),(2019867608827,201906507,401135267,0),(2019869166952,201958563,401135265,1),(2019869423802,201931946,401135260,1),(2019871690897,201990670,401135294,1),(2019873687988,201977509,401135293,0),(2019874240462,201983542,401135283,0),(2019876156819,201931946,401135278,1),(2019877894794,201950305,401136253,1),(2019878287026,201913583,401135273,0),(2019878467794,201983542,401135279,1),(2019881470747,201996423,401135263,1),(2019882257769,201906966,401135291,1),(2019882297174,201950305,401135285,1),(2019884076679,201916554,401135291,0),(2019884632860,201986281,401135274,1),(2019885739922,201906966,401135290,1),(2019886769029,201983542,401135290,0),(2019886909610,201950305,401147695,1),(2019888795459,201906507,401135290,1),(2019891105828,201915692,401135272,0),(2019891564568,201906507,401135264,0),(2019892468625,201906507,401135263,1),(2019893328271,201906507,401135289,1),(2019894564340,201986281,401135281,1),(2019895315364,201906966,401135270,0),(2019895526752,201983542,401135265,0),(2019899965927,201990670,401135276,0),(2019904931853,201931946,401135288,1),(2019905902749,201983542,401135272,1),(2019912524975,201986281,401135260,1),(2019913288063,201983542,401135291,0),(2019913520115,201950305,401135267,1),(2019914247165,201906966,401135266,0),(2019914282869,201916554,401135284,0),(2019916601532,201977509,401135266,0),(2019916736754,201958563,401135291,0),(2019920701327,201958563,401135289,1),(2019921143675,201906966,401135278,1),(2019922002928,201986281,401135261,0),(2019928849522,201906507,401135270,0),(2019929677358,201906507,401135269,1),(2019931799433,201977509,401135264,1),(2019933418095,201986281,401135278,0),(2019935163453,201906507,401147693,1),(2019935375687,201906507,401135283,1),(2019938388768,201906966,401135292,1),(2019939778879,201958563,401135285,0),(2019943494267,201916554,401135278,1),(2019953144301,201983542,401135281,1),(2019956694887,201913583,401147695,0),(2019957423046,201990670,401135272,0),(2019958547837,201931946,401136253,1),(2019959229705,201916354,401135267,0),(2019966792559,201950305,401135264,0),(2019966941356,201906966,401135286,1),(2019971313964,201906507,401135282,1),(2019971960533,201915692,401135282,0),(2019973381806,201958563,401135260,1),(2019975852189,201990670,401135290,0),(2019976231844,201906966,401135261,1),(2019977448023,201916354,401135288,0),(2019977975203,201996423,401135292,0),(2019978251762,201913583,401135267,0),(2019984607737,201958563,401135282,0),(2019987088430,201990670,401135265,1),(2019987665497,201906507,401188315,0),(2019988983552,201931946,401135268,1),(2019992375495,201977509,401135273,0),(2019997467192,201931946,401135281,1),(2019998600915,201906966,401135260,1),(2021006083970,202108457,401331232,0),(2021011952647,202138899,401331218,0),(2021015358604,202130855,401331231,1),(2021015505582,202194760,401331236,0),(2021017226383,202167864,401331169,1),(2021018257605,202130897,401331227,0),(2021018465440,202114297,401331237,0),(2021018618522,202130897,401331222,0),(2021022102704,202162317,401331221,0),(2021027636797,202130897,401331226,1),(2021030597303,202194760,401331214,1),(2021030650820,202168481,401331218,0),(2021030902076,202117543,401391158,0),(2021034424581,202117543,401331238,1),(2021039239250,202107075,401331216,0),(2021041194050,202108457,401331219,0),(2021043556557,202167864,401331227,0),(2021044076096,202108457,401331234,1),(2021049055238,202108457,401331222,1),(2021049674298,202167864,401331219,1),(2021049919636,202168481,401331239,1),(2021051636842,202147506,401331226,0),(2021052203174,202130855,401331230,0),(2021053976553,202117543,401331240,1),(2021058780473,202114297,401331172,0),(2021059164272,202114297,401331215,1),(2021059717153,202147506,401331240,0),(2021061065009,202107075,401331215,1),(2021061753663,202107075,401331230,1),(2021062185568,202108457,401331164,0),(2021067266462,202167864,401331224,1),(2021069155744,202108457,401331237,1),(2021073816378,202147506,401331172,0),(2021074240991,202130855,401331164,0),(2021075145202,202147506,401331166,1),(2021075447245,202114297,401331213,0),(2021076417541,202130855,401331224,1),(2021078132340,202168481,401331228,0),(2021085994570,202107075,401331171,1),(2021090846156,202162317,401331227,0),(2021091133176,202194760,401331232,1),(2021092888558,202117543,401331233,0),(2021097381200,202117543,401331232,0),(2021097520475,202162317,401331230,0),(2021100438348,202167864,401331234,0),(2021101898121,202117543,401331214,1),(2021104659021,202138899,401331654,0),(2021108501064,202194760,401331166,0),(2021115268035,202194760,401331234,1),(2021115498020,202114297,401331232,0),(2021115973727,202130897,401331165,0),(2021124876792,202107075,401331167,0),(2021125144520,202168481,401331237,1),(2021126581377,202108457,401331238,0),(2021131441849,202107075,401331227,0),(2021131507744,202194760,401331235,0),(2021134181511,202194760,401331224,1),(2021135688406,202147506,401331171,0),(2021137395888,202117543,401331229,0),(2021137447259,202194760,401331221,0),(2021144446339,202167864,401331238,1),(2021146363401,202167864,401331172,1),(2021146512089,202114297,401331238,0),(2021148933521,202108457,401331213,0),(2021151844446,202114297,401331233,0),(2021152810981,202168481,401331240,1),(2021156311673,202107075,401331237,0),(2021157898970,202168481,401331168,1),(2021161255591,202167864,401331654,0),(2021163682854,202130897,401331168,1),(2021163908298,202138899,401331223,0),(2021164578896,202162317,401331166,0),(2021165497628,202130897,401391158,1),(2021167792931,202130897,401331230,0),(2021168222379,202117543,401331234,1),(2021170225414,202108457,401331654,1),(2021176294317,202162317,401331241,0),(2021177278748,202162317,401331215,1),(2021177558137,202168481,401331235,1),(2021183754363,202167864,401331237,1),(2021189013109,202107075,401331164,0),(2021190047851,202194760,401331172,1),(2021190157886,202114297,401331170,0),(2021193850961,202147506,401331214,1),(2021194675426,202108457,401331240,1),(2021196273977,202168481,401331216,1),(2021196721968,202168481,401331234,1),(2021197009534,202194760,401331228,0),(2021197162610,202108457,401331230,0),(2021201218028,202108457,401331216,1),(2021201590048,202194760,401331215,0),(2021207994853,202107075,401331238,1),(2021213005873,202162317,401331219,1),(2021215746462,202107075,401331170,1),(2021223465487,202114297,401331219,1),(2021223470998,202130897,401331218,0),(2021224082845,202194760,401331227,0),(2021226509926,202167864,401331216,0),(2021227953198,202162317,401331239,1),(2021228395333,202117543,401331236,1),(2021229416715,202130855,401331232,1),(2021230336118,202138899,401331237,0),(2021232345021,202130855,401331168,1),(2021234735140,202138899,401331213,1),(2021240695545,202194760,401331219,0),(2021241531981,202130855,401331167,1),(2021246600984,202167864,401331168,1),(2021251353462,202167864,401331166,1),(2021254561867,202138899,401331166,1),(2021257227270,202114297,401331227,0),(2021258176364,202162317,401331236,1),(2021259966982,202167864,401331167,1),(2021260378282,202107075,401331239,1),(2021262349471,202147506,401331227,0),(2021265642874,202194760,401331171,1),(2021266605726,202167864,401331231,0),(2021268676931,202194760,401331165,0),(2021272576839,202167864,401331226,1),(2021273593735,202117543,401331231,1),(2021274862455,202167864,401331215,1),(2021282606588,202147506,401331218,0),(2021283835624,202108457,401331169,0),(2021284603523,202117543,401331241,0),(2021286367618,202168481,401331213,0),(2021289567464,202130897,401331239,0),(2021289747982,202130855,401331234,1),(2021295846930,202130897,401331172,0),(2021295853663,202108457,401331239,0),(2021302416577,202162317,401331229,1),(2021303591530,202117543,401331167,0),(2021304617859,202147506,401331235,0),(2021305531470,202130897,401331223,1),(2021308354240,202130897,401331166,1),(2021312701256,202114297,401331228,0),(2021314144517,202168481,401331224,1),(2021318019662,202114297,401331169,0),(2021323218411,202130897,401331231,0),(2021327024666,202130897,401331215,1),(2021327093939,202117543,401331221,0),(2021329193953,202138899,401331165,0),(2021330626646,202130897,401331228,1),(2021330686357,202147506,401331229,1),(2021335341141,202130897,401331232,0),(2021346375380,202147506,401331170,0),(2021348462176,202130855,401331233,0),(2021350635121,202114297,401331166,0),(2021351391335,202117543,401331226,0),(2021354156011,202194760,401331223,1),(2021358667715,202162317,401331213,0),(2021362087321,202194760,401331218,0),(2021363144764,202130855,401331215,1),(2021363773538,202130897,401331238,1),(2021364022564,202167864,401331214,0),(2021365591765,202168481,401331221,0),(2021366859723,202162317,401331216,0),(2021368767198,202147506,401331233,0),(2021373836574,202107075,401331241,1),(2021376124838,202114297,401331221,0),(2021376970368,202130855,401331221,1),(2021379424597,202162317,401331222,0),(2021383779299,202107075,401331166,0),(2021386250221,202167864,401331233,0),(2021387314892,202168481,401331654,1),(2021387577127,202147506,401331216,0),(2021387631887,202167864,401331235,1),(2021389530526,202147506,401331230,1),(2021391050439,202130897,401331235,1),(2021397824966,202108457,401331218,0),(2021399550560,202107075,401331231,0),(2021401584238,202138899,401331231,1),(2021407317850,202138899,401331215,1),(2021412485585,202108457,401331241,0),(2021413105801,202162317,401331165,1),(2021413833382,202117543,401331172,0),(2021417834123,202162317,401331167,1),(2021418432048,202147506,401331238,1),(2021419716359,202167864,401331228,1),(2021420676880,202168481,401331226,0),(2021421572620,202130855,401331235,1),(2021421865118,202117543,401331224,0),(2021422325861,202162317,401331228,0),(2021422609312,202168481,401331233,1),(2021426416382,202167864,401391158,0),(2021426674292,202138899,401331232,1),(2021431326682,202107075,401331229,1),(2021432391140,202114297,401331235,0),(2021435544425,202130897,401331216,1),(2021438644722,202130897,401331214,1),(2021438704475,202162317,401331237,0),(2021443207065,202117543,401331165,0),(2021446842087,202147506,401331165,1),(2021448217165,202162317,401331231,1),(2021450201270,202167864,401331221,0),(2021453308912,202138899,401331214,1),(2021456190655,202138899,401331169,0),(2021456826550,202108457,401331235,1),(2021458040357,202147506,401331223,1),(2021459639648,202167864,401331240,1),(2021460099642,202107075,401331214,1),(2021461243293,202117543,401331222,0),(2021463000213,202130855,401331229,1),(2021464067101,202130897,401331237,1),(2021468008415,202162317,401331169,0),(2021469350666,202107075,401331240,0),(2021469410314,202138899,401331167,0),(2021476261558,202130855,401331170,0),(2021477093388,202108457,401331166,1),(2021478759966,202108457,401331231,0),(2021484032628,202117543,401331216,1),(2021485719631,202107075,401331654,0),(2021486060243,202167864,401331239,1),(2021486697833,202162317,401331232,1),(2021486779751,202162317,401331214,1),(2021486912213,202117543,401331227,0),(2021488294268,202130897,401331213,1),(2021489226998,202117543,401331169,1),(2021489548079,202114297,401331223,0),(2021490460846,202162317,401331170,0),(2021491312063,202138899,401331235,0),(2021491940550,202130897,401331236,0),(2021494411016,202167864,401331213,1),(2021495727024,202147506,401331239,1),(2021496783420,202147506,401331164,1),(2021504029914,202114297,401331239,0),(2021505650049,202162317,401331233,1),(2021506518144,202130855,401331165,0),(2021510527449,202107075,401331222,0),(2021515418833,202114297,401331165,1),(2021515437164,202117543,401331654,0),(2021517889339,202138899,401331234,1),(2021517911351,202108457,401331215,1),(2021524570014,202130855,401331222,0),(2021537087566,202130855,401331238,1),(2021537265445,202194760,401331230,0),(2021538911722,202107075,401331165,0),(2021539353437,202168481,401331223,0),(2021539599787,202130855,401331171,0),(2021549027160,202107075,401391158,0),(2021551210704,202147506,401391158,1),(2021556830140,202107075,401331169,0),(2021557374753,202130897,401331221,1),(2021558912434,202194760,401331216,0),(2021564561800,202130897,401331167,0),(2021565116747,202138899,401331241,1),(2021567341786,202138899,401331222,0),(2021568487207,202117543,401331166,0),(2021572613145,202107075,401331235,1),(2021576635233,202138899,401331172,0),(2021578967513,202117543,401331230,1),(2021579601511,202168481,401331219,0),(2021579690343,202130855,401331226,1),(2021580422308,202114297,401331167,1),(2021581955598,202108457,401331229,0),(2021582145607,202162317,401331654,0),(2021582148688,202117543,401331218,0),(2021582172992,202108457,401331236,0),(2021583478349,202162317,401331171,0),(2021586517842,202168481,401331164,0),(2021586923159,202162317,401331234,0),(2021587907209,202168481,401331222,0),(2021591109341,202138899,401331228,0),(2021591412569,202162317,401331240,0),(2021591500215,202167864,401331230,0),(2021593337669,202130855,401331214,1),(2021600465869,202162317,401331226,1),(2021600868071,202147506,401331221,1),(2021606033021,202107075,401331226,1),(2021609654452,202147506,401331231,1),(2021610329354,202108457,401331233,1),(2021614857859,202138899,401331239,1),(2021615531285,202168481,401331232,0),(2021616602583,202114297,401331218,0),(2021620396754,202108457,401331214,0),(2021620758611,202130897,401331233,1),(2021622828088,202107075,401331223,1),(2021622881214,202130897,401331234,1),(2021623773716,202130855,401331240,1),(2021626081793,202147506,401331213,1),(2021632444121,202168481,401331227,0),(2021633719874,202147506,401331168,0),(2021634117270,202130897,401331240,0),(2021636945485,202114297,401331216,0),(2021637796291,202162317,401331164,0),(2021639263476,202162317,401331168,1),(2021641156374,202194760,401331654,0),(2021643029217,202168481,401331169,0),(2021644177078,202117543,401331228,0),(2021646786430,202114297,401331168,1),(2021648893023,202147506,401331236,0),(2021650298154,202130897,401331224,0),(2021654524866,202147506,401331654,1),(2021655082770,202130855,401331223,1),(2021658322089,202107075,401331233,0),(2021660429433,202130897,401331654,0),(2021661503548,202130855,401331241,0),(2021661796318,202114297,401331236,1),(2021662636032,202162317,401331224,1),(2021663720592,202147506,401331219,0),(2021664449960,202168481,401331171,0),(2021667907075,202117543,401331223,1),(2021680941071,202130897,401331164,1),(2021682606870,202168481,401391158,0),(2021682908131,202114297,401331241,1),(2021683323191,202138899,401331219,1),(2021684209185,202138899,401391158,0),(2021688120860,202108457,401331168,1),(2021689943620,202108457,401331221,0),(2021690965750,202108457,401331226,1),(2021691518895,202114297,401331654,1),(2021692292002,202167864,401331222,1),(2021693159567,202162317,401331172,1),(2021698071703,202147506,401331228,0),(2021698814662,202114297,401331222,0),(2021699616266,202138899,401331229,0),(2021701389941,202147506,401331234,1),(2021702005641,202138899,401331230,1),(2021708576761,202130897,401331171,1),(2021709473669,202108457,401331165,1),(2021709751834,202107075,401331232,1),(2021710683683,202138899,401331216,0),(2021711174566,202138899,401331238,1),(2021711849609,202114297,401331214,1),(2021713279176,202117543,401331215,1),(2021713936007,202108457,401331172,0),(2021718210418,202114297,401331226,0),(2021724111352,202167864,401331170,0),(2021725268264,202114297,401331171,1),(2021725482069,202130855,401331654,0),(2021729029323,202194760,401331169,0),(2021731736102,202167864,401331164,1),(2021732253421,202107075,401331213,0),(2021736451212,202130855,401331239,0),(2021736782856,202108457,401331228,0),(2021738147165,202147506,401331215,1),(2021742435845,202107075,401331221,1),(2021745130326,202194760,401331170,1),(2021749128438,202147506,401331169,1),(2021751706176,202194760,401331226,0),(2021755912695,202194760,401331167,1),(2021758970335,202194760,401331238,1),(2021759524954,202168481,401331230,1),(2021760442589,202107075,401331172,0),(2021763828523,202167864,401331236,0),(2021764593686,202114297,401331234,0),(2021764654547,202130897,401331241,0),(2021765984223,202117543,401331168,1),(2021774823391,202138899,401331226,0),(2021775338775,202108457,401331167,1),(2021778071739,202108457,401391158,0),(2021778160424,202138899,401331227,0),(2021779848597,202147506,401331237,0),(2021781669557,202114297,401391158,0),(2021782005724,202107075,401331228,0),(2021782502709,202194760,401331231,1),(2021783067236,202130855,401391158,0),(2021784309678,202130855,401331172,1),(2021785860691,202117543,401331235,1),(2021787874279,202194760,401331229,0),(2021798196914,202130855,401331213,1),(2021802573840,202108457,401331227,0),(2021805405921,202168481,401331238,0),(2021807113137,202138899,401331221,0),(2021807748414,202107075,401331224,0),(2021808155665,202168481,401331167,1),(2021808809629,202194760,401331164,0),(2021810009235,202167864,401331218,0),(2021813446494,202138899,401331170,0),(2021815237355,202117543,401331239,1),(2021820440194,202147506,401331167,1),(2021821438615,202194760,401331241,1),(2021822417533,202138899,401331233,0),(2021822676235,202194760,401331239,0),(2021827472540,202138899,401331240,0),(2021829212714,202162317,401331235,0),(2021832739754,202114297,401331224,1),(2021833368800,202147506,401331222,0),(2021834255933,202168481,401331231,0),(2021838568405,202147506,401331241,0),(2021839421442,202107075,401331219,1),(2021839841658,202117543,401331170,0),(2021840387776,202147506,401331232,0),(2021842198165,202138899,401331224,1),(2021842854097,202117543,401331171,0),(2021842898908,202130855,401331218,0),(2021848173420,202168481,401331229,1),(2021856697738,202107075,401331168,0),(2021860497725,202138899,401331171,0),(2021867241368,202114297,401331164,1),(2021868167774,202114297,401331231,0),(2021869165308,202114297,401331240,0),(2021870027309,202130855,401331166,0),(2021871263524,202130855,401331216,0),(2021872152555,202130855,401331227,0),(2021874641294,202114297,401331229,0),(2021876604826,202194760,401331213,1),(2021877789406,202130897,401331170,1),(2021877792745,202162317,401331223,0),(2021878668635,202130855,401331237,0),(2021879242582,202147506,401331224,0),(2021885290991,202107075,401331234,0),(2021885511526,202168481,401331170,0),(2021886136151,202108457,401331170,0),(2021887643819,202107075,401331236,0),(2021889670280,202194760,401331233,0),(2021894031364,202162317,401391158,0),(2021896096395,202167864,401331171,0),(2021896815460,202167864,401331232,0),(2021898058520,202168481,401331215,1),(2021898839777,202108457,401331223,0),(2021900701506,202130855,401331219,0),(2021901614376,202108457,401331224,1),(2021903027091,202138899,401331164,0),(2021903116018,202167864,401331229,0),(2021903533223,202194760,401331237,0),(2021907812804,202167864,401331223,0),(2021909574278,202167864,401331241,0),(2021909656202,202117543,401331219,0),(2021914803108,202107075,401331218,1),(2021922914661,202108457,401331171,1),(2021923156952,202162317,401331218,1),(2021930647335,202168481,401331172,0),(2021931550755,202194760,401331240,1),(2021932639551,202162317,401331238,1),(2021937373508,202117543,401331213,0),(2021937376874,202117543,401331164,1),(2021941808354,202168481,401331214,0),(2021942240083,202130897,401331219,0),(2021946691230,202194760,401331222,1),(2021947242311,202194760,401391158,1),(2021948963706,202130897,401331169,1),(2021952289566,202130855,401331236,0),(2021956534786,202168481,401331166,1),(2021956839023,202138899,401331168,1),(2021960653579,202168481,401331241,0),(2021960693673,202130855,401331169,0),(2021963509171,202117543,401331237,1),(2021966368348,202168481,401331165,0),(2021974344408,202167864,401331165,0),(2021975615779,202194760,401331168,1),(2021981415705,202130855,401331228,0),(2021986568652,202130897,401331229,1),(2021988206204,202168481,401331236,1),(2021994204969,202138899,401331236,1),(2021995537834,202114297,401331230,1),(2022001837973,202295325,401470891,0),(2022002313725,202254606,401442035,1),(2022003058395,202252536,401442039,1),(2022009879289,202237164,401442030,1),(2022012822603,202229234,401442008,0),(2022013521214,202209988,401442002,1),(2022013711930,202235780,401442004,1),(2022014036250,202237164,401442037,1),(2022017557653,202235780,401470891,0),(2022017699809,202209988,401441995,0),(2022019807578,202235780,401442006,1),(2022020304430,202235780,401442035,1),(2022022176926,202245680,401442008,1),(2022025188838,202245680,401441995,1),(2022027051617,202209990,401442037,1),(2022027407982,202254606,401442018,0),(2022031231129,202237984,401442018,1),(2022040364401,202261855,401442018,1),(2022044035618,202254606,401443543,0),(2022048710829,202229234,401441999,1),(2022052514869,202252536,401442036,0),(2022058496329,202209990,401441994,0),(2022061619917,202295325,401443543,0),(2022063377672,202245680,401442014,1),(2022066085546,202209990,401442004,0),(2022066229949,202254606,401441993,0),(2022067286541,202299683,401442001,1),(2022068362170,202209990,401441997,0),(2022069754377,202229074,401442015,1),(2022069854903,202237984,401442015,1),(2022070653833,202235780,401442018,0),(2022072619033,202299683,401442034,1),(2022073124251,202237164,401442017,1),(2022073942254,202229074,401442007,1),(2022075295580,202295325,401441994,1),(2022076122963,202261855,401442041,1),(2022077647411,202245680,401441998,0),(2022077899814,202229234,401442033,1),(2022078010674,202229234,401442015,1),(2022079648530,202237164,401442005,0),(2022080496666,202229234,401442012,0),(2022082117286,202216636,401441993,0),(2022083890665,202254606,401442005,0),(2022084368971,202261855,401442033,1),(2022086441240,202295325,401442001,1),(2022089494728,202252536,401442005,1),(2022091284173,202237984,401442008,1),(2022091318221,202209988,401442036,0),(2022093568614,202245680,401442019,0),(2022096634527,202209990,401442031,0),(2022096734913,202235780,401442007,0),(2022105412633,202295325,401442004,1),(2022105578831,202216636,401442003,0),(2022109538590,202216636,401442000,0),(2022111379898,202229234,401443543,0),(2022111660865,202229074,401442006,1),(2022112809230,202299683,401441998,1),(2022113928374,202254606,401442040,1),(2022115691161,202209990,401442003,0),(2022116436216,202261855,401442012,1),(2022116847526,202237164,401442003,1),(2022117630766,202209990,401442039,1),(2022118550326,202229074,401442039,0),(2022118616189,202235780,401442036,0),(2022119492083,202235780,401442033,1),(2022120346372,202245680,401442041,0),(2022121644415,202299683,401442017,0),(2022121930374,202254606,401441995,0),(2022122117990,202237984,401442013,0),(2022126293341,202295325,401442036,1),(2022126917510,202237164,401442018,0),(2022128242467,202237164,401442041,1),(2022128732430,202209990,401442011,0),(2022131024534,202261855,401442014,1),(2022132991022,202237164,401442008,1),(2022133065889,202209990,401442042,1),(2022134735462,202295325,401442009,1),(2022135429314,202254606,401442034,1),(2022137741155,202229234,401442030,0),(2022140017742,202245680,401441994,1),(2022143189004,202252536,401441999,1),(2022144069842,202254606,401442008,1),(2022145785143,202229234,401470891,0),(2022148743912,202252536,401441998,1),(2022152944475,202237164,401442036,0),(2022152983357,202237164,401442002,1),(2022153850614,202237164,401441994,0),(2022156028610,202209990,401442019,0),(2022156577123,202299683,401442014,0),(2022156883454,202237984,401442032,0),(2022158343907,202209988,401442011,0),(2022160234725,202245680,401442030,0),(2022160574102,202237164,401442012,1),(2022162006989,202216636,401441998,1),(2022162278325,202209988,401441997,0),(2022163050526,202229074,401442036,1),(2022163059796,202229074,401442013,1),(2022165656408,202254606,401442003,0),(2022166088619,202299683,401442000,1),(2022175488671,202245680,401442018,1),(2022179044525,202261855,401441997,1),(2022183987005,202295325,401442033,1),(2022187024810,202261855,401442005,1),(2022188927905,202209988,401442042,0),(2022190330340,202229074,401442037,0),(2022192952654,202237984,401442033,1),(2022194017488,202254606,401441994,0),(2022195390522,202235780,401441999,1),(2022197357623,202209988,401442040,1),(2022200618509,202229234,401442002,1),(2022214297294,202245680,401442009,1),(2022216121902,202261855,401442015,1),(2022218457586,202245680,401442039,1),(2022219437883,202216636,401442033,1),(2022221547403,202261855,401442013,1),(2022225891451,202295325,401441993,1),(2022226221574,202209988,401442017,0),(2022226259868,202229234,401442036,1),(2022226402947,202299683,401470891,0),(2022228315964,202299683,401442011,0),(2022234215522,202229074,401441993,1),(2022234218557,202252536,401441996,1),(2022236824268,202216636,401441996,1),(2022237209408,202254606,401442036,0),(2022238610592,202252536,401442008,1),(2022241515557,202216636,401442039,0),(2022241970277,202229074,401442030,1),(2022244262672,202237164,401441997,0),(2022246331087,202245680,401442003,1),(2022249117414,202235780,401442034,1),(2022254168601,202261855,401442038,1),(2022256339020,202261855,401442036,1),(2022258508732,202254606,401442031,0),(2022258519799,202237164,401441996,1),(2022260859293,202209988,401442008,0),(2022261638131,202237984,401442034,1),(2022262637437,202237164,401441993,1),(2022263888608,202237984,401442009,1),(2022265999344,202252536,401442017,1),(2022266431327,202295325,401442037,0),(2022266443645,202229074,401441994,1),(2022266882320,202254606,401441998,0),(2022267079783,202216636,401443542,1),(2022267140150,202237164,401442009,1),(2022268311523,202261855,401442002,0),(2022269001653,202237164,401442013,1),(2022272197574,202254606,401442033,1),(2022275273287,202229234,401442040,1),(2022275333949,202229074,401441995,0),(2022275434624,202216636,401441997,0),(2022282387034,202235780,401442009,1),(2022284908941,202237984,401442035,0),(2022285586754,202209990,401441993,1),(2022286447161,202237164,401442039,1),(2022288401683,202237164,401442034,1),(2022288761746,202237984,401442017,1),(2022290239580,202209988,401442005,0),(2022292506085,202299683,401442038,1),(2022293300127,202261855,401442008,0),(2022293759752,202229234,401442016,1),(2022296335379,202245680,401442013,0),(2022298642324,202261855,401441999,1),(2022299449484,202245680,401442031,0),(2022301728422,202229074,401442017,1),(2022302216428,202237984,401442019,1),(2022304955027,202245680,401442017,0),(2022305579109,202229074,401442016,0),(2022308633213,202209990,401442034,1),(2022308647720,202209988,401441998,0),(2022308869726,202299683,401442007,1),(2022309738225,202252536,401441993,0),(2022312979936,202252536,401442015,0),(2022313056747,202261855,401442000,1),(2022314215509,202235780,401443543,0),(2022314374195,202209988,401441993,1),(2022314873286,202261855,401442042,0),(2022315975869,202237984,401441999,0),(2022316342160,202254606,401443542,1),(2022317619350,202209988,401441999,1),(2022317936949,202261855,401442007,1),(2022320331032,202295325,401442015,0),(2022321545140,202261855,401441995,0),(2022323197888,202235780,401442037,1),(2022323473879,202245680,401442038,0),(2022325413230,202209988,401442030,1),(2022328099493,202216636,401441994,1),(2022328565179,202237164,401442019,0),(2022330236129,202295325,401442032,0),(2022337141724,202229074,401442012,0),(2022339935083,202245680,401442040,1),(2022341105344,202229234,401442035,1),(2022341527890,202299683,401442008,1),(2022342865359,202252536,401443542,1),(2022342868691,202299683,401442009,1),(2022342986004,202229234,401441997,0),(2022343408051,202245680,401442035,1),(2022348743053,202209988,401442037,0),(2022353214169,202216636,401442034,0),(2022353769010,202245680,401442015,0),(2022354860916,202245680,401442005,0),(2022355144691,202209990,401442005,1),(2022356597722,202235780,401442042,0),(2022356757826,202209990,401442015,1),(2022360485181,202209988,401442031,1),(2022363849977,202209988,401442001,1),(2022364617822,202209988,401441994,1),(2022365747504,202254606,401442016,1),(2022365826396,202229074,401442003,1),(2022366049338,202295325,401441997,0),(2022366214929,202229074,401442011,0),(2022369756609,202209988,401442019,1),(2022369885031,202229074,401442033,1),(2022371739470,202237984,401470891,0),(2022372545163,202229234,401442041,1),(2022372563702,202295325,401442042,0),(2022373349195,202295325,401442012,0),(2022373889614,202229234,401442018,0),(2022376343863,202295325,401442008,1),(2022379691144,202252536,401441997,1),(2022381325755,202229074,401442019,0),(2022383352549,202254606,401442006,1),(2022385743014,202209988,401442009,1),(2022386912949,202237984,401442003,0),(2022387053968,202299683,401442032,1),(2022389087073,202229234,401442032,1),(2022389485267,202299683,401441993,1),(2022389581056,202237984,401441998,1),(2022389861708,202229074,401442032,0),(2022390076529,202254606,401442032,0),(2022391020556,202209988,401442038,0),(2022391641979,202209988,401442003,0),(2022395406760,202229234,401442037,0),(2022396347891,202245680,401442016,1),(2022398541832,202216636,401442011,1),(2022400615789,202261855,401442039,1),(2022401530825,202237164,401442038,1),(2022404718916,202209988,401442000,1),(2022405245995,202209988,401442015,1),(2022408976540,202235780,401442017,1),(2022409019424,202216636,401442041,0),(2022410617552,202229234,401441994,0),(2022411661391,202216636,401442002,1),(2022413169618,202235780,401442015,1),(2022413404817,202254606,401442019,1),(2022414263641,202295325,401441999,1),(2022414779931,202252536,401442009,1),(2022418335318,202295325,401442000,1),(2022421147333,202209990,401442040,0),(2022422416527,202216636,401442030,0),(2022427280751,202209988,401442034,1),(2022427862569,202209988,401443542,1),(2022433677883,202216636,401442004,0),(2022437195077,202299683,401442006,0),(2022437428486,202216636,401442038,1),(2022438086382,202299683,401442002,0),(2022438313964,202216636,401442013,1),(2022438591688,202295325,401442016,0),(2022440452675,202245680,401443543,0),(2022441429170,202216636,401441999,1),(2022446348181,202229074,401442000,1),(2022447990119,202261855,401442035,1),(2022453151943,202299683,401442016,1),(2022454771951,202209990,401442033,1),(2022457903467,202237984,401442042,1),(2022460751624,202229234,401443542,1),(2022463404716,202254606,401442042,1),(2022465369198,202229234,401442004,1),(2022467739309,202261855,401442006,0),(2022470516500,202235780,401442040,1),(2022471961584,202299683,401442042,1),(2022477958920,202299683,401442018,1),(2022478073151,202237164,401442011,0),(2022478566396,202299683,401442005,0),(2022480844402,202235780,401442005,1),(2022487797170,202209990,401443543,0),(2022491678144,202229234,401442038,0),(2022493341157,202254606,401442037,0),(2022494049198,202295325,401442040,1),(2022494301104,202252536,401442014,0),(2022498272454,202237984,401442016,1),(2022499047696,202209990,401441995,0),(2022500300490,202245680,401442006,1),(2022500549443,202229234,401442039,1),(2022503134974,202252536,401442033,1),(2022504335341,202237984,401442038,1),(2022504447286,202299683,401441994,1),(2022505277253,202261855,401442003,0),(2022507519688,202295325,401442005,1),(2022507869988,202299683,401442031,0),(2022510506173,202254606,401470891,0),(2022511206529,202209988,401443543,0),(2022511435723,202252536,401442001,0),(2022511527978,202229074,401441996,1),(2022512110251,202299683,401442041,0),(2022513150299,202235780,401441997,0),(2022513235529,202209988,401442004,1),(2022517541896,202252536,401442032,0),(2022517624407,202295325,401442039,1),(2022517743331,202209988,401441996,0),(2022521378492,202245680,401442034,1),(2022524498367,202237164,401442016,1),(2022526291324,202216636,401442016,1),(2022526660427,202295325,401442018,0),(2022529282997,202235780,401441994,1),(2022532163661,202252536,401470891,1),(2022533494007,202237164,401442001,1),(2022535925004,202245680,401441993,0),(2022537057864,202237984,401441995,0),(2022537852903,202245680,401441997,0),(2022538254400,202261855,401442031,1),(2022538333121,202245680,401442000,0),(2022539471950,202229074,401442035,1),(2022540704477,202245680,401442042,0),(2022543059169,202229074,401442008,0),(2022546052583,202229074,401442034,1),(2022551206363,202235780,401441998,0),(2022551921639,202252536,401442037,0),(2022556207226,202216636,401442042,1),(2022557362795,202299683,401442030,0),(2022557895690,202209988,401442035,0),(2022563576862,202299683,401442037,0),(2022565173147,202261855,401443543,0),(2022565673210,202216636,401442019,0),(2022566327274,202252536,401443543,0),(2022569461610,202237984,401442012,1),(2022573058261,202229074,401441999,1),(2022576015623,202209988,401442041,1),(2022581636985,202229234,401441995,1),(2022581793989,202245680,401442004,1),(2022584541440,202245680,401442036,0),(2022585362182,202299683,401442019,0),(2022585513437,202229234,401442003,1),(2022588655207,202237164,401442033,1),(2022589021479,202299683,401442033,1),(2022591095455,202261855,401442037,1),(2022592137774,202252536,401442011,0),(2022592348613,202229074,401441997,0),(2022592574368,202254606,401442004,0),(2022592769842,202229234,401442000,1),(2022594394338,202237984,401442005,0),(2022597570784,202235780,401442003,0),(2022598838662,202261855,401442001,1),(2022598865551,202261855,401441996,0),(2022600280611,202229234,401442013,1),(2022605472245,202209990,401442008,0),(2022608797107,202209990,401442002,0),(2022611466810,202229074,401442005,0),(2022611558856,202245680,401442037,1),(2022613094829,202235780,401442031,1),(2022613151145,202229074,401442004,1),(2022617166602,202209988,401442012,0),(2022617233270,202229074,401442018,0),(2022619240872,202295325,401442030,0),(2022619499174,202216636,401442036,0),(2022626576779,202209990,401442016,0),(2022626809659,202216636,401442015,1),(2022629334021,202252536,401442019,1),(2022630223953,202209990,401442000,0),(2022630815304,202261855,401441994,1),(2022631726615,202261855,401442032,1),(2022632024410,202254606,401442009,1),(2022634543207,202295325,401442041,1),(2022636404738,202237164,401442014,0),(2022637142380,202209990,401442036,1),(2022637521418,202295325,401442013,1),(2022639165628,202209990,401442012,0),(2022639886969,202229074,401442040,1),(2022641247855,202295325,401442031,1),(2022643053952,202209990,401442038,0),(2022643852355,202252536,401442031,0),(2022645399244,202229234,401441993,0),(2022649725557,202229234,401442014,1),(2022651525115,202237984,401442006,1),(2022652419670,202216636,401442008,1),(2022652860369,202261855,401443542,1),(2022653160392,202299683,401441995,1),(2022654118727,202252536,401442000,1),(2022654283414,202229234,401441996,1),(2022654367494,202254606,401442011,1),(2022657398293,202237984,401442036,0),(2022657707622,202252536,401442030,1),(2022658821468,202237164,401442031,1),(2022659948988,202299683,401442012,1),(2022662810664,202299683,401442015,0),(2022663959373,202299683,401443543,0),(2022670209684,202235780,401442041,1),(2022673096049,202254606,401442030,0),(2022674752900,202209990,401442032,0),(2022675039498,202229074,401442042,1),(2022678480223,202254606,401442002,0),(2022680286938,202254606,401441996,1),(2022681632604,202237984,401442030,1),(2022683230825,202216636,401442018,0),(2022686112273,202209988,401442018,0),(2022687352591,202252536,401442002,1),(2022687559571,202261855,401442009,1),(2022687669436,202229074,401442014,1),(2022689489842,202229234,401442005,1),(2022690490557,202252536,401442042,0),(2022690678341,202237164,401441998,0),(2022691277755,202229074,401442031,1),(2022691430834,202237984,401442000,0),(2022693142881,202295325,401442019,0),(2022693426495,202261855,401442019,1),(2022694406052,202209990,401442007,0),(2022695273234,202209988,401442007,0),(2022699139879,202216636,401442007,1),(2022699263181,202235780,401442013,1),(2022701668320,202299683,401441999,1),(2022703782247,202299683,401442004,1),(2022706398572,202237164,401442040,1),(2022713065801,202237164,401441995,0),(2022714990291,202252536,401442012,0),(2022717636792,202261855,401442034,1),(2022717861337,202209990,401441999,1),(2022718039050,202295325,401443542,1),(2022719765476,202252536,401442003,0),(2022720231724,202235780,401442001,1),(2022721903827,202245680,401442001,0),(2022722583836,202295325,401442006,0),(2022723396832,202295325,401441998,1),(2022726165129,202252536,401442006,0),(2022727746826,202229234,401442031,1),(2022729353126,202229234,401442006,0),(2022729874276,202261855,401470891,0),(2022730219423,202254606,401442014,1),(2022732560268,202261855,401442017,1),(2022733146484,202261855,401442004,0),(2022733891349,202254606,401442001,0),(2022735794532,202229074,401442001,1),(2022736238877,202216636,401442006,0),(2022740235628,202216636,401442032,1),(2022741759509,202237164,401470891,0),(2022742233870,202254606,401442015,0),(2022743899993,202209990,401442030,1),(2022749326695,202229234,401442042,1),(2022753468542,202216636,401442012,0),(2022753839607,202252536,401442040,0),(2022754941853,202245680,401442002,1),(2022757655673,202245680,401442033,1),(2022758276787,202216636,401443543,0),(2022758481268,202252536,401441995,0),(2022760130714,202254606,401442000,1),(2022761770179,202237984,401442014,0),(2022763727710,202245680,401442007,0),(2022764529021,202237984,401442001,0),(2022765555559,202235780,401442019,1),(2022766263251,202295325,401442035,0),(2022770368936,202295325,401442007,1),(2022778204709,202216636,401442035,0),(2022780646315,202209990,401441998,0),(2022782228874,202209990,401442006,1),(2022783807677,202299683,401442036,0),(2022785066814,202209990,401442035,1),(2022785209513,202209990,401442009,1),(2022786113950,202237164,401442032,1),(2022787305221,202252536,401442041,0),(2022789059101,202237164,401443542,1),(2022790386224,202229234,401441998,0),(2022791895212,202209990,401470891,0),(2022792535958,202209988,401442039,1),(2022793058245,202229074,401441998,0),(2022796883358,202261855,401441993,0),(2022797181571,202245680,401470891,0),(2022797483294,202295325,401441996,1),(2022798750101,202229074,401442002,1),(2022800117135,202261855,401442011,0),(2022803342888,202237984,401442002,1),(2022805873697,202235780,401443542,1),(2022805971855,202209988,401442013,1),(2022806901893,202237984,401442040,0),(2022807667286,202235780,401441995,0),(2022810159492,202252536,401442016,1),(2022811909341,202235780,401442038,1),(2022811915969,202299683,401441997,0),(2022815092230,202261855,401442040,1),(2022815701421,202245680,401442032,1),(2022818658914,202235780,401442000,1),(2022818956200,202252536,401442004,0),(2022819473906,202261855,401442030,1),(2022821094065,202261855,401442016,1),(2022822014922,202299683,401442035,1),(2022822210638,202237984,401441997,0),(2022822843809,202254606,401442007,0),(2022823987516,202237984,401441993,0),(2022824983814,202209990,401442014,1),(2022826609879,202209990,401443542,1),(2022827809863,202237984,401443542,0),(2022828001738,202229234,401442011,1),(2022828745104,202235780,401441993,0),(2022832215882,202254606,401442038,0),(2022833316254,202245680,401443542,1),(2022835111874,202216636,401442037,0),(2022836367740,202295325,401442003,1),(2022837168223,202229234,401442017,0),(2022841530296,202216636,401442005,1),(2022844181337,202235780,401442039,1),(2022847087413,202252536,401442013,0),(2022847336862,202209990,401442013,1),(2022849633800,202235780,401441996,0),(2022849892117,202299683,401442003,1),(2022851092584,202209988,401470891,0),(2022851665976,202299683,401442013,1),(2022853349293,202229074,401442009,1),(2022853473529,202209990,401442041,0),(2022853840777,202209988,401442006,0),(2022853845553,202209990,401441996,0),(2022854562060,202229234,401442034,1),(2022854880577,202252536,401442035,1),(2022855172315,202237984,401441994,1),(2022857122570,202229234,401442009,1),(2022857527713,202216636,401441995,0),(2022858425609,202237164,401442035,1),(2022860754144,202252536,401442034,1),(2022860800501,202216636,401442001,1),(2022861695939,202235780,401442032,1),(2022862791592,202235780,401442014,1),(2022863852385,202209990,401442001,0),(2022866833198,202229074,401443542,1),(2022867023562,202237164,401443543,1),(2022867059166,202245680,401441996,1),(2022868553469,202216636,401442031,0),(2022871691474,202245680,401442011,0),(2022872116655,202254606,401442017,0),(2022872288586,202229074,401442041,1),(2022875354035,202209988,401442033,1),(2022876643916,202254606,401442013,1),(2022877146927,202216636,401470891,0),(2022877333207,202235780,401442016,1),(2022878307184,202245680,401441999,1),(2022878519104,202216636,401442040,1),(2022878583462,202209990,401442018,0),(2022881209103,202254606,401442039,1),(2022882177756,202295325,401442034,1),(2022884785248,202209990,401442017,1),(2022887822109,202295325,401442002,0),(2022891839532,202237984,401442041,1),(2022894153575,202245680,401442012,1),(2022895628207,202237984,401441996,1),(2022895766451,202295325,401441995,0),(2022899645767,202235780,401442002,0),(2022900867972,202235780,401442012,0),(2022906563674,202209988,401442032,1),(2022907165906,202295325,401442011,1),(2022907931466,202235780,401442008,0),(2022908201168,202237984,401442039,0),(2022911083351,202216636,401442017,0),(2022912511570,202237164,401442004,0),(2022912968047,202299683,401442040,1),(2022915364845,202235780,401442030,0),(2022915863107,202237164,401442000,0),(2022916340949,202229234,401442001,1),(2022920423969,202235780,401442011,0),(2022921352592,202254606,401441997,0),(2022922641815,202216636,401442009,1),(2022930607555,202209988,401442014,1),(2022930918782,202237164,401442007,0),(2022937120097,202299683,401441996,1),(2022937860735,202229074,401470891,1),(2022947766142,202237164,401442006,1),(2022949397897,202237984,401443543,1),(2022949966677,202295325,401442017,0),(2022951459245,202295325,401442038,0),(2022952141641,202229234,401442007,1),(2022952162583,202254606,401442012,1),(2022954218497,202229074,401443543,1),(2022958027995,202252536,401442038,0),(2022958241277,202295325,401442014,0),(2022964525523,202252536,401441994,1),(2022964968013,202209988,401442016,0),(2022965218129,202254606,401442041,0),(2022966600501,202254606,401441999,1),(2022969991072,202252536,401442018,0),(2022975953897,202237984,401442037,0),(2022977721950,202237984,401442004,1),(2022980377235,202237164,401442015,1),(2022985408502,202229074,401442038,0),(2022986536890,202237164,401442042,1),(2022986925500,202237164,401441999,1),(2022987331142,202237984,401442011,1),(2022990840362,202237984,401442007,0),(2022991553144,202252536,401442007,0),(2022992936877,202229234,401442019,1),(2022994054524,202299683,401442039,0),(2022996626073,202237984,401442031,1),(2022998144179,202261855,401441998,1),(2022998572744,202216636,401442014,1),(2022999548883,202299683,401443542,1);
/*!40000 ALTER TABLE `playerPicks` ENABLE KEYS */;
UNLOCK TABLES;

--
-- Table structure for table `players`
--

DROP TABLE IF EXISTS `players`;
/*!40101 SET @saved_cs_client     = @@character_set_client */;
/*!50503 SET character_set_client = utf8mb4 */;
CREATE TABLE `players` (
  `playerId` int NOT NULL,
  `name` varchar(255) DEFAULT NULL,
  `points` int DEFAULT NULL,
  `year` int DEFAULT NULL,
  PRIMARY KEY (`playerId`)
) ENGINE=InnoDB DEFAULT CHARSET=utf8mb4 COLLATE=utf8mb4_0900_ai_ci;
/*!40101 SET character_set_client = @saved_cs_client */;

--
-- Dumping data for table `players`
--

LOCK TABLES `players` WRITE;
/*!40000 ALTER TABLE `players` DISABLE KEYS */;
INSERT INTO `players` VALUES (201800138,'MAK',NULL,2018),(201811326,'HR',NULL,2018),(201812156,'DG',NULL,2018),(201815976,'CDB',NULL,2018),(201816261,'RA',NULL,2018),(201819755,'ABD',NULL,2018),(201829855,'AJK',NULL,2018),(201837052,'JY',NULL,2018),(201847231,'RSK',NULL,2018),(201850429,'CRK',NULL,2018),(201853031,'JRB3',NULL,2018),(201854024,'GSB',NULL,2018),(201860695,'SLB',NULL,2018),(201863533,'JMK',NULL,2018),(201864373,'Alex',NULL,2018),(201864622,'HMR',NULL,2018),(201866815,'SJ',NULL,2018),(201868118,'Cosmo',NULL,2018),(201872252,'MSK',NULL,2018),(201885689,'NDK',NULL,2018),(201893192,'LG',NULL,2018),(201896043,'KGK',NULL,2018),(201897524,'SRK',NULL,2018),(201906507,'CRK',NULL,2019),(201906966,'RSK',NULL,2019),(201913583,'JY',NULL,2019),(201915692,'JMK',NULL,2019),(201916354,'HR',NULL,2019),(201916554,'KGK',NULL,2019),(201931946,'AJK',NULL,2019),(201950305,'SRK',NULL,2019),(201958563,'HMR',NULL,2019),(201977509,'CDB',NULL,2019),(201983542,'MSK',NULL,2019),(201986281,'SMJ',NULL,2019),(201990670,'MAK',NULL,2019),(201996423,'NDK',NULL,2019),(202107075,'SRK',NULL,2021),(202108457,'JMK',NULL,2021),(202114297,'AJC',NULL,2021),(202117543,'RSK',NULL,2021),(202130855,'MAK',NULL,2021),(202130897,'HR',NULL,2021),(202138899,'HMR',NULL,2021),(202147506,'Ndk',NULL,2021),(202162317,'CRK',NULL,2021),(202167864,'Ken',NULL,2021),(202168481,'AJK',NULL,2021),(202194760,'MSK',NULL,2021),(202209988,'MAX',NULL,2022),(202209990,'CRK',NULL,2022),(202216636,'RSK',NULL,2022),(202229074,'KGK',NULL,2022),(202229234,'HR',NULL,2022),(202235780,'HMR',NULL,2022),(202237164,'AJK',NULL,2022),(202237984,'SRK',NULL,2022),(202245680,'bella',NULL,2022),(202252536,'JMK',NULL,2022),(202254606,'MAK',NULL,2022),(202261855,'AJC',NULL,2022),(202295325,'NK',NULL,2022),(202299683,'MSK',NULL,2022);
/*!40000 ALTER TABLE `players` ENABLE KEYS */;
UNLOCK TABLES;
/*!40103 SET TIME_ZONE=@OLD_TIME_ZONE */;

/*!40101 SET SQL_MODE=@OLD_SQL_MODE */;
/*!40014 SET FOREIGN_KEY_CHECKS=@OLD_FOREIGN_KEY_CHECKS */;
/*!40014 SET UNIQUE_CHECKS=@OLD_UNIQUE_CHECKS */;
/*!40101 SET CHARACTER_SET_CLIENT=@OLD_CHARACTER_SET_CLIENT */;
/*!40101 SET CHARACTER_SET_RESULTS=@OLD_CHARACTER_SET_RESULTS */;
/*!40101 SET COLLATION_CONNECTION=@OLD_COLLATION_CONNECTION */;
/*!40111 SET SQL_NOTES=@OLD_SQL_NOTES */;

-- Dump completed on 2022-12-31 15:30:36
